Processing esp32s3_n8r2 (board: rymcu-esp32-s3-devkitc-1; platform: espressif32; framework: arduino)
--------------------------------------------------------------------------------
Verbose mode can be enabled via `-v, --verbose` option
CONFIGURATION: https://docs.platformio.org/page/boards/espressif32/rymcu-esp32-s3-devkitc-1.html
PLATFORM: Espressif 32 (6.12.0) > RYMCU ESP32-S3-DevKitC-1-N8R2 (8 MB QD, 2 MB PSRAM)
HARDWARE: ESP32S3 240MHz, 320KB RAM, 8MB Flash
DEBUG: Current (esp-builtin) On-board (esp-builtin) External (cmsis-dap, esp-bridge, esp-prog, iot-bus-jtag, jlink, minimodule, olimex-arm-usb-ocd, olimex-arm-usb-ocd-h, olimex-arm-usb-tiny-h, olimex-jtag-tiny, tumpa)
PACKAGES: 
 - framework-arduinoespressif32 @ 3.20017.241212+sha.dcc1105b 
 - tool-esptoolpy @ 2.40900.250804 (4.9.0) 
 - toolchain-riscv32-esp @ 8.4.0+2021r2-patch5 
 - toolchain-xtensa-esp32s3 @ 8.4.0+2021r2-patch5
LDF: Library Dependency Finder -> https://bit.ly/configure-pio-ldf
LDF Modes: Finder ~ chain+, Compatibility ~ soft
Found 56 compatible libraries
Scanning dependencies...
Dependency Graph
|-- OneWire @ 2.3.8
|-- DallasTemperature @ 3.11.0
|-- Adafruit BMP280 Library @ 2.6.8
|-- Adafruit ADS1X15 @ 2.6.2
|-- Adafruit GFX Library @ 1.12.5
|-- Adafruit SSD1306 @ 2.5.16
|-- PZEM-004T-v30 @ 1.1.2
|-- ESPAsyncWebServer @ 3.6.0+sha.ad3741d
|-- AsyncTCP @ 3.3.2+sha.ef448a8
|-- ArduinoJson @ 7.4.3
|-- FastBot2 @ 1.2.6
|-- LovyanGFX @ 1.2.19
|-- XPT2046_Touchscreen @ 1.4.0+sha.f956c5d
|-- AccelStepper @ 1.64.0
|-- ESP32Servo @ 1.2.1
|-- PubSubClient @ 2.8.0
|-- WebSockets @ 2.7.3
|-- SPI @ 2.0.0
|-- Adafruit Unified Sensor @ 1.1.15
|-- Adafruit BusIO @ 1.17.4
|-- Wire @ 2.0.0
|-- WiFi @ 2.0.0
|-- LittleFS @ 2.0.0
|-- FS @ 2.0.0
|-- Preferences @ 2.0.0
|-- ArduinoOTA @ 2.0.0
|-- Update @ 2.0.0
|-- WiFiClientSecure @ 2.0.0
|-- GSON @ 1.8.4
|-- StringUtils @ 1.5.4
|-- GTL @ 1.3.14
|-- GyverHTTP @ 1.0.30
|-- DNSServer @ 2.0.0
|-- ESPmDNS @ 2.0.0
Building in release mode
Compiling .pio\build\esp32s3_n8r2\src\drivers\sensors.cpp.o
Compiling .pio\build\esp32s3_n8r2\src\interface\webserver.cpp.o
src/drivers/sensors.cpp: In function 'void Sensors::readHydrometer(Hydrometer&, float)':
src/drivers/sensors.cpp:348:11: error: 'Hydrometer' {aka 'struct HydrometerData'} has no member named 'density'
     hydro.density = (kPa * 1000) / (9.81f * height_m); // г/см\xb3
           ^~~~~~~
src/drivers/sensors.cpp:352:31: error: 'Hydrometer' {aka 'struct HydrometerData'} has no member named 'density'
     hydro.abv = (1.0f - hydro.density) * 100.0f;
                               ^~~~~~~
src/drivers/sensors.cpp:358:26: error: 'Hydrometer' {aka 'struct HydrometerData'} has no member named 'density'
     hydro.valid = (hydro.density > 0.7f && hydro.density < 1.1f);
                          ^~~~~~~
src/drivers/sensors.cpp:358:50: error: 'Hydrometer' {aka 'struct HydrometerData'} has no member named 'density'
     hydro.valid = (hydro.density > 0.7f && hydro.density < 1.1f);
                                                  ^~~~~~~
src/drivers/sensors.cpp: In function 'void Sensors::updateHealth(SystemHealth&)':
src/drivers/sensors.cpp:533:37: warning: use of an operand of type 'bool' in 'operator++' is deprecated [-Wdeprecated]
                 health.tempSensorsOk++;
                                     ^~
Compiling .pio\build\esp32s3_n8r2\src\main.cpp.o
Compiling .pio\build\esp32s3_n8r2\src\profiles.cpp.o
*** [.pio\build\esp32s3_n8r2\src\drivers\sensors.cpp.o] Error 1
src/profiles.cpp: In function 'bool saveProfile(const Profile&)':
src/profiles.cpp:66:28: warning: 'DynamicJsonDocument' is deprecated: use JsonDocument instead [-Wdeprecated-declarations]
     DynamicJsonDocument doc(8192);  // 8 КБ для профиля
                            ^
In file included from .pio/libdeps/esp32s3_n8r2/ArduinoJson/src/ArduinoJson.hpp:65,
                 from .pio/libdeps/esp32s3_n8r2/ArduinoJson/src/ArduinoJson.h:9,
                 from src/profiles.h:12,
                 from src/profiles.cpp:5:
.pio/libdeps/esp32s3_n8r2/ArduinoJson/src/ArduinoJson/compatibility.hpp:125:58: note: declared here
 class ARDUINOJSON_DEPRECATED("use JsonDocument instead") DynamicJsonDocument
                                                          ^~~~~~~~~~~~~~~~~~~
src/profiles.cpp:71:60: warning: 'ArduinoJson::V743PB22::JsonObject ArduinoJson::V743PB22::JsonDocument::createNestedObject(TChar*) [with TChar = const char]' is deprecated: use doc[key].to<JsonObject>() instead [-Wdeprecated-declarations]
     JsonObject metadata = doc.createNestedObject("metadata");
                                                            ^
In file included from .pio/libdeps/esp32s3_n8r2/ArduinoJson/src/ArduinoJson.hpp:42,
                 from .pio/libdeps/esp32s3_n8r2/ArduinoJson/src/ArduinoJson.h:9,
                 from src/profiles.h:12,
                 from src/profiles.cpp:5:
.pio/libdeps/esp32s3_n8r2/ArduinoJson/src/ArduinoJson/Document/JsonDocument.hpp:376:14: note: declared here
   JsonObject createNestedObject(TChar* key) {
              ^~~~~~~~~~~~~~~~~~
src/profiles.cpp:76:55: warning: 'ArduinoJson::V743PB22::JsonArray ArduinoJson::V743PB22::JsonObject::createNestedArray(TChar*) const [with TChar = const char]' is deprecated: use obj[key].to<JsonArray>() instead [-Wdeprecated-declarations]
     JsonArray tags = metadata.createNestedArray("tags");
                                                       ^
In file included from .pio/libdeps/esp32s3_n8r2/ArduinoJson/src/ArduinoJson.hpp:39,
                 from .pio/libdeps/esp32s3_n8r2/ArduinoJson/src/ArduinoJson.h:9,
                 from src/profiles.h:12,
                 from src/profiles.cpp:5:
.pio/libdeps/esp32s3_n8r2/ArduinoJson/src/ArduinoJson/Object/JsonObject.hpp:197:13: note: declared here
   JsonArray createNestedArray(TChar* key) const {
             ^~~~~~~~~~~~~~~~~
src/profiles.cpp:87:64: warning: 'ArduinoJson::V743PB22::JsonObject ArduinoJson::V743PB22::JsonDocument::createNestedObject(TChar*) [with TChar = const char]' is deprecated: use doc[key].to<JsonObject>() instead [-Wdeprecated-declarations]
     JsonObject parameters = doc.createNestedObject("parameters");
                                                                ^
In file included from .pio/libdeps/esp32s3_n8r2/ArduinoJson/src/ArduinoJson.hpp:42,
                 from .pio/libdeps/esp32s3_n8r2/ArduinoJson/src/ArduinoJson.h:9,
                 from src/profiles.h:12,
                 from src/profiles.cpp:5:
.pio/libdeps/esp32s3_n8r2/ArduinoJson/src/ArduinoJson/Document/JsonDocument.hpp:376:14: note: declared here
   JsonObject createNestedObject(TChar* key) {
              ^~~~~~~~~~~~~~~~~~
src/profiles.cpp:92:63: warning: 'ArduinoJson::V743PB22::JsonObject ArduinoJson::V743PB22::JsonObject::createNestedObject(TChar*) [with TChar = const char]' is deprecated: use obj[key].to<JsonObject>() instead [-Wdeprecated-declarations]
     JsonObject heater = parameters.createNestedObject("heater");
                                                               ^
In file included from .pio/libdeps/esp32s3_n8r2/ArduinoJson/src/ArduinoJson.hpp:39,
                 from .pio/libdeps/esp32s3_n8r2/ArduinoJson/src/ArduinoJson.h:9,
                 from src/profiles.h:12,
                 from src/profiles.cpp:5:
.pio/libdeps/esp32s3_n8r2/ArduinoJson/src/ArduinoJson/Object/JsonObject.hpp:211:14: note: declared here
   JsonObject createNestedObject(TChar* key) {
              ^~~~~~~~~~~~~~~~~~
src/profiles.cpp:100:77: warning: 'ArduinoJson::V743PB22::JsonObject ArduinoJson::V743PB22::JsonObject::createNestedObject(TChar*) [with TChar = const char]' is deprecated: use obj[key].to<JsonObject>() instead [-Wdeprecated-declarations]
     JsonObject rectification = parameters.createNestedObject("rectification");
                                                                             ^
In file included from .pio/libdeps/esp32s3_n8r2/ArduinoJson/src/ArduinoJson.hpp:39,
                 from .pio/libdeps/esp32s3_n8r2/ArduinoJson/src/ArduinoJson.h:9,
                 from src/profiles.h:12,
                 from src/profiles.cpp:5:
.pio/libdeps/esp32s3_n8r2/ArduinoJson/src/ArduinoJson/Object/JsonObject.hpp:211:14: note: declared here
   JsonObject createNestedObject(TChar* key) {
              ^~~~~~~~~~~~~~~~~~
src/profiles.cpp:111:75: warning: 'ArduinoJson::V743PB22::JsonObject ArduinoJson::V743PB22::JsonObject::createNestedObject(TChar*) [with TChar = const char]' is deprecated: use obj[key].to<JsonObject>() instead [-Wdeprecated-declarations]
     JsonObject distillation = parameters.createNestedObject("distillation");
                                                                           ^
In file included from .pio/libdeps/esp32s3_n8r2/ArduinoJson/src/ArduinoJson.hpp:39,
                 from .pio/libdeps/esp32s3_n8r2/ArduinoJson/src/ArduinoJson.h:9,
                 from src/profiles.h:12,
                 from src/profiles.cpp:5:
.pio/libdeps/esp32s3_n8r2/ArduinoJson/src/ArduinoJson/Object/JsonObject.hpp:211:14: note: declared here
   JsonObject createNestedObject(TChar* key) {
              ^~~~~~~~~~~~~~~~~~
src/profiles.cpp:118:75: warning: 'ArduinoJson::V743PB22::JsonObject ArduinoJson::V743PB22::JsonObject::createNestedObject(TChar*) [with TChar = const char]' is deprecated: use obj[key].to<JsonObject>() instead [-Wdeprecated-declarations]
     JsonObject temperatures = parameters.createNestedObject("temperatures");
                                                                           ^
In file included from .pio/libdeps/esp32s3_n8r2/ArduinoJson/src/ArduinoJson.hpp:39,
                 from .pio/libdeps/esp32s3_n8r2/ArduinoJson/src/ArduinoJson.h:9,
                 from src/profiles.h:12,
                 from src/profiles.cpp:5:
.pio/libdeps/esp32s3_n8r2/ArduinoJson/src/ArduinoJson/Object/JsonObject.hpp:211:14: note: declared here
   JsonObject createNestedObject(TChar* key) {
              ^~~~~~~~~~~~~~~~~~
src/profiles.cpp:126:63: warning: 'ArduinoJson::V743PB22::JsonObject ArduinoJson::V743PB22::JsonObject::createNestedObject(TChar*) [with TChar = const char]' is deprecated: use obj[key].to<JsonObject>() instead [-Wdeprecated-declarations]
     JsonObject safety = parameters.createNestedObject("safety");
                                                               ^
In file included from .pio/libdeps/esp32s3_n8r2/ArduinoJson/src/ArduinoJson.hpp:39,
                 from .pio/libdeps/esp32s3_n8r2/ArduinoJson/src/ArduinoJson.h:9,
                 from src/profiles.h:12,
                 from src/profiles.cpp:5:
.pio/libdeps/esp32s3_n8r2/ArduinoJson/src/ArduinoJson/Object/JsonObject.hpp:211:14: note: declared here
   JsonObject createNestedObject(TChar* key) {
              ^~~~~~~~~~~~~~~~~~
src/profiles.cpp:132:64: warning: 'ArduinoJson::V743PB22::JsonObject ArduinoJson::V743PB22::JsonDocument::createNestedObject(TChar*) [with TChar = const char]' is deprecated: use doc[key].to<JsonObject>() instead [-Wdeprecated-declarations]
     JsonObject statistics = doc.createNestedObject("statistics");
                                                                ^
In file included from .pio/libdeps/esp32s3_n8r2/ArduinoJson/src/ArduinoJson.hpp:42,
                 from .pio/libdeps/esp32s3_n8r2/ArduinoJson/src/ArduinoJson.h:9,
                 from src/profiles.h:12,
                 from src/profiles.cpp:5:
.pio/libdeps/esp32s3_n8r2/ArduinoJson/src/ArduinoJson/Document/JsonDocument.hpp:376:14: note: declared here
   JsonObject createNestedObject(TChar* key) {
              ^~~~~~~~~~~~~~~~~~
src/profiles.cpp: In function 'bool loadProfile(const String&, Profile&)':
src/profiles.cpp:173:28: warning: 'DynamicJsonDocument' is deprecated: use JsonDocument instead [-Wdeprecated-declarations]
     DynamicJsonDocument doc(8192);
                            ^
In file included from .pio/libdeps/esp32s3_n8r2/ArduinoJson/src/ArduinoJson.hpp:65,
                 from .pio/libdeps/esp32s3_n8r2/ArduinoJson/src/ArduinoJson.h:9,
                 from src/profiles.h:12,
                 from src/profiles.cpp:5:
.pio/libdeps/esp32s3_n8r2/ArduinoJson/src/ArduinoJson/compatibility.hpp:125:58: note: declared here
 class ARDUINOJSON_DEPRECATED("use JsonDocument instead") DynamicJsonDocument
                                                          ^~~~~~~~~~~~~~~~~~~
src/profiles.cpp: In function 'std::vector<ProfileListItem> getProfileList()':
src/profiles.cpp:271:40: warning: 'DynamicJsonDocument' is deprecated: use JsonDocument instead [-Wdeprecated-declarations]
                 DynamicJsonDocument doc(512);
                                        ^
In file included from .pio/libdeps/esp32s3_n8r2/ArduinoJson/src/ArduinoJson.hpp:65,
                 from .pio/libdeps/esp32s3_n8r2/ArduinoJson/src/ArduinoJson.h:9,
                 from src/profiles.h:12,
                 from src/profiles.cpp:5:
.pio/libdeps/esp32s3_n8r2/ArduinoJson/src/ArduinoJson/compatibility.hpp:125:58: note: declared here
 class ARDUINOJSON_DEPRECATED("use JsonDocument instead") DynamicJsonDocument
                                                          ^~~~~~~~~~~~~~~~~~~
src/profiles.cpp: In function 'bool clearProfiles()':
src/profiles.cpp:347:40: warning: 'DynamicJsonDocument' is deprecated: use JsonDocument instead [-Wdeprecated-declarations]
                 DynamicJsonDocument doc(512);
                                        ^
In file included from .pio/libdeps/esp32s3_n8r2/ArduinoJson/src/ArduinoJson.hpp:65,
                 from .pio/libdeps/esp32s3_n8r2/ArduinoJson/src/ArduinoJson.h:9,
                 from src/profiles.h:12,
                 from src/profiles.cpp:5:
.pio/libdeps/esp32s3_n8r2/ArduinoJson/src/ArduinoJson/compatibility.hpp:125:58: note: declared here
 class ARDUINOJSON_DEPRECATED("use JsonDocument instead") DynamicJsonDocument
                                                          ^~~~~~~~~~~~~~~~~~~
src/profiles.cpp: In function 'void rotateProfiles()':
src/profiles.cpp:549:40: warning: 'DynamicJsonDocument' is deprecated: use JsonDocument instead [-Wdeprecated-declarations]
                 DynamicJsonDocument doc(512);
                                        ^
In file included from .pio/libdeps/esp32s3_n8r2/ArduinoJson/src/ArduinoJson.hpp:65,
                 from .pio/libdeps/esp32s3_n8r2/ArduinoJson/src/ArduinoJson.h:9,
                 from src/profiles.h:12,
                 from src/profiles.cpp:5:
.pio/libdeps/esp32s3_n8r2/ArduinoJson/src/ArduinoJson/compatibility.hpp:125:58: note: declared here
 class ARDUINOJSON_DEPRECATED("use JsonDocument instead") DynamicJsonDocument
                                                          ^~~~~~~~~~~~~~~~~~~
src/profiles.cpp: In function 'String exportProfileToJSON(const String&)':
src/profiles.cpp:834:28: warning: 'DynamicJsonDocument' is deprecated: use JsonDocument instead [-Wdeprecated-declarations]
     DynamicJsonDocument doc(8192);
                            ^
In file included from .pio/libdeps/esp32s3_n8r2/ArduinoJson/src/ArduinoJson.hpp:65,
                 from .pio/libdeps/esp32s3_n8r2/ArduinoJson/src/ArduinoJson.h:9,
                 from src/profiles.h:12,
                 from src/profiles.cpp:5:
.pio/libdeps/esp32s3_n8r2/ArduinoJson/src/ArduinoJson/compatibility.hpp:125:58: note: declared here
 class ARDUINOJSON_DEPRECATED("use JsonDocument instead") DynamicJsonDocument
                                                          ^~~~~~~~~~~~~~~~~~~
src/profiles.cpp:839:60: warning: 'ArduinoJson::V743PB22::JsonObject ArduinoJson::V743PB22::JsonDocument::createNestedObject(TChar*) [with TChar = const char]' is deprecated: use doc[key].to<JsonObject>() instead [-Wdeprecated-declarations]
     JsonObject metadata = doc.createNestedObject("metadata");
                                                            ^
In file included from .pio/libdeps/esp32s3_n8r2/ArduinoJson/src/ArduinoJson.hpp:42,
                 from .pio/libdeps/esp32s3_n8r2/ArduinoJson/src/ArduinoJson.h:9,
                 from src/profiles.h:12,
                 from src/profiles.cpp:5:
.pio/libdeps/esp32s3_n8r2/ArduinoJson/src/ArduinoJson/Document/JsonDocument.hpp:376:14: note: declared here
   JsonObject createNestedObject(TChar* key) {
              ^~~~~~~~~~~~~~~~~~
src/profiles.cpp:844:55: warning: 'ArduinoJson::V743PB22::JsonArray ArduinoJson::V743PB22::JsonObject::createNestedArray(TChar*) const [with TChar = const char]' is deprecated: use obj[key].to<JsonArray>() instead [-Wdeprecated-declarations]
     JsonArray tags = metadata.createNestedArray("tags");
                                                       ^
In file included from .pio/libdeps/esp32s3_n8r2/ArduinoJson/src/ArduinoJson.hpp:39,
                 from .pio/libdeps/esp32s3_n8r2/ArduinoJson/src/ArduinoJson.h:9,
                 from src/profiles.h:12,
                 from src/profiles.cpp:5:
.pio/libdeps/esp32s3_n8r2/ArduinoJson/src/ArduinoJson/Object/JsonObject.hpp:197:13: note: declared here
   JsonArray createNestedArray(TChar* key) const {
             ^~~~~~~~~~~~~~~~~
src/profiles.cpp:854:64: warning: 'ArduinoJson::V743PB22::JsonObject ArduinoJson::V743PB22::JsonDocument::createNestedObject(TChar*) [with TChar = const char]' is deprecated: use doc[key].to<JsonObject>() instead [-Wdeprecated-declarations]
     JsonObject parameters = doc.createNestedObject("parameters");
                                                                ^
In file included from .pio/libdeps/esp32s3_n8r2/ArduinoJson/src/ArduinoJson.hpp:42,
                 from .pio/libdeps/esp32s3_n8r2/ArduinoJson/src/ArduinoJson.h:9,
                 from src/profiles.h:12,
                 from src/profiles.cpp:5:
.pio/libdeps/esp32s3_n8r2/ArduinoJson/src/ArduinoJson/Document/JsonDocument.hpp:376:14: note: declared here
   JsonObject createNestedObject(TChar* key) {
              ^~~~~~~~~~~~~~~~~~
src/profiles.cpp:858:63: warning: 'ArduinoJson::V743PB22::JsonObject ArduinoJson::V743PB22::JsonObject::createNestedObject(TChar*) [with TChar = const char]' is deprecated: use obj[key].to<JsonObject>() instead [-Wdeprecated-declarations]
     JsonObject heater = parameters.createNestedObject("heater");
                                                               ^
In file included from .pio/libdeps/esp32s3_n8r2/ArduinoJson/src/ArduinoJson.hpp:39,
                 from .pio/libdeps/esp32s3_n8r2/ArduinoJson/src/ArduinoJson.h:9,
                 from src/profiles.h:12,
                 from src/profiles.cpp:5:
.pio/libdeps/esp32s3_n8r2/ArduinoJson/src/ArduinoJson/Object/JsonObject.hpp:211:14: note: declared here
   JsonObject createNestedObject(TChar* key) {
              ^~~~~~~~~~~~~~~~~~
src/profiles.cpp:865:77: warning: 'ArduinoJson::V743PB22::JsonObject ArduinoJson::V743PB22::JsonObject::createNestedObject(TChar*) [with TChar = const char]' is deprecated: use obj[key].to<JsonObject>() instead [-Wdeprecated-declarations]
     JsonObject rectification = parameters.createNestedObject("rectification");
                                                                             ^
In file included from .pio/libdeps/esp32s3_n8r2/ArduinoJson/src/ArduinoJson.hpp:39,
                 from .pio/libdeps/esp32s3_n8r2/ArduinoJson/src/ArduinoJson.h:9,
                 from src/profiles.h:12,
                 from src/profiles.cpp:5:
.pio/libdeps/esp32s3_n8r2/ArduinoJson/src/ArduinoJson/Object/JsonObject.hpp:211:14: note: declared here
   JsonObject createNestedObject(TChar* key) {
              ^~~~~~~~~~~~~~~~~~
src/profiles.cpp:875:75: warning: 'ArduinoJson::V743PB22::JsonObject ArduinoJson::V743PB22::JsonObject::createNestedObject(TChar*) [with TChar = const char]' is deprecated: use obj[key].to<JsonObject>() instead [-Wdeprecated-declarations]
     JsonObject distillation = parameters.createNestedObject("distillation");
                                                                           ^
In file included from .pio/libdeps/esp32s3_n8r2/ArduinoJson/src/ArduinoJson.hpp:39,
                 from .pio/libdeps/esp32s3_n8r2/ArduinoJson/src/ArduinoJson.h:9,
                 from src/profiles.h:12,
                 from src/profiles.cpp:5:
.pio/libdeps/esp32s3_n8r2/ArduinoJson/src/ArduinoJson/Object/JsonObject.hpp:211:14: note: declared here
   JsonObject createNestedObject(TChar* key) {
              ^~~~~~~~~~~~~~~~~~
src/profiles.cpp:881:75: warning: 'ArduinoJson::V743PB22::JsonObject ArduinoJson::V743PB22::JsonObject::createNestedObject(TChar*) [with TChar = const char]' is deprecated: use obj[key].to<JsonObject>() instead [-Wdeprecated-declarations]
     JsonObject temperatures = parameters.createNestedObject("temperatures");
                                                                           ^
In file included from .pio/libdeps/esp32s3_n8r2/ArduinoJson/src/ArduinoJson.hpp:39,
                 from .pio/libdeps/esp32s3_n8r2/ArduinoJson/src/ArduinoJson.h:9,
                 from src/profiles.h:12,
                 from src/profiles.cpp:5:
.pio/libdeps/esp32s3_n8r2/ArduinoJson/src/ArduinoJson/Object/JsonObject.hpp:211:14: note: declared here
   JsonObject createNestedObject(TChar* key) {
              ^~~~~~~~~~~~~~~~~~
src/profiles.cpp:888:63: warning: 'ArduinoJson::V743PB22::JsonObject ArduinoJson::V743PB22::JsonObject::createNestedObject(TChar*) [with TChar = const char]' is deprecated: use obj[key].to<JsonObject>() instead [-Wdeprecated-declarations]
     JsonObject safety = parameters.createNestedObject("safety");
                                                               ^
In file included from .pio/libdeps/esp32s3_n8r2/ArduinoJson/src/ArduinoJson.hpp:39,
                 from .pio/libdeps/esp32s3_n8r2/ArduinoJson/src/ArduinoJson.h:9,
                 from src/profiles.h:12,
                 from src/profiles.cpp:5:
.pio/libdeps/esp32s3_n8r2/ArduinoJson/src/ArduinoJson/Object/JsonObject.hpp:211:14: note: declared here
   JsonObject createNestedObject(TChar* key) {
              ^~~~~~~~~~~~~~~~~~
src/profiles.cpp:893:64: warning: 'ArduinoJson::V743PB22::JsonObject ArduinoJson::V743PB22::JsonDocument::createNestedObject(TChar*) [with TChar = const char]' is deprecated: use doc[key].to<JsonObject>() instead [-Wdeprecated-declarations]
     JsonObject statistics = doc.createNestedObject("statistics");
                                                                ^
In file included from .pio/libdeps/esp32s3_n8r2/ArduinoJson/src/ArduinoJson.hpp:42,
                 from .pio/libdeps/esp32s3_n8r2/ArduinoJson/src/ArduinoJson.h:9,
                 from src/profiles.h:12,
                 from src/profiles.cpp:5:
.pio/libdeps/esp32s3_n8r2/ArduinoJson/src/ArduinoJson/Document/JsonDocument.hpp:376:14: note: declared here
   JsonObject createNestedObject(TChar* key) {
              ^~~~~~~~~~~~~~~~~~
src/profiles.cpp: In function 'String exportAllProfilesToJSON(bool)':
src/profiles.cpp:910:28: warning: 'DynamicJsonDocument' is deprecated: use JsonDocument instead [-Wdeprecated-declarations]
     DynamicJsonDocument doc(32768); // 32 КБ для массива профилей
                            ^
In file included from .pio/libdeps/esp32s3_n8r2/ArduinoJson/src/ArduinoJson.hpp:65,
                 from .pio/libdeps/esp32s3_n8r2/ArduinoJson/src/ArduinoJson.h:9,
                 from src/profiles.h:12,
                 from src/profiles.cpp:5:
.pio/libdeps/esp32s3_n8r2/ArduinoJson/src/ArduinoJson/compatibility.hpp:125:58: note: declared here
 class ARDUINOJSON_DEPRECATED("use JsonDocument instead") DynamicJsonDocument
                                                          ^~~~~~~~~~~~~~~~~~~
src/profiles.cpp:923:55: warning: 'ArduinoJson::V743PB22::JsonObject ArduinoJson::V743PB22::JsonArray::createNestedObject() const' is deprecated: use add<JsonObject>() instead [-Wdeprecated-declarations]
             JsonObject obj = array.createNestedObject();
                                                       ^
In file included from .pio/libdeps/esp32s3_n8r2/ArduinoJson/src/ArduinoJson.hpp:65,
                 from .pio/libdeps/esp32s3_n8r2/ArduinoJson/src/ArduinoJson.h:9,
                 from src/profiles.h:12,
                 from src/profiles.cpp:5:
.pio/libdeps/esp32s3_n8r2/ArduinoJson/src/ArduinoJson/compatibility.hpp:140:19: note: declared here
 inline JsonObject JsonArray::createNestedObject() const {
                   ^~~~~~~~~
src/profiles.cpp:927:68: warning: 'ArduinoJson::V743PB22::JsonObject ArduinoJson::V743PB22::JsonObject::createNestedObject(TChar*) [with TChar = const char]' is deprecated: use obj[key].to<JsonObject>() instead [-Wdeprecated-declarations]
             JsonObject metadata = obj.createNestedObject("metadata");
                                                                    ^
In file included from .pio/libdeps/esp32s3_n8r2/ArduinoJson/src/ArduinoJson.hpp:39,
                 from .pio/libdeps/esp32s3_n8r2/ArduinoJson/src/ArduinoJson.h:9,
                 from src/profiles.h:12,
                 from src/profiles.cpp:5:
.pio/libdeps/esp32s3_n8r2/ArduinoJson/src/ArduinoJson/Object/JsonObject.hpp:211:14: note: declared here
   JsonObject createNestedObject(TChar* key) {
              ^~~~~~~~~~~~~~~~~~
src/profiles.cpp:932:63: warning: 'ArduinoJson::V743PB22::JsonArray ArduinoJson::V743PB22::JsonObject::createNestedArray(TChar*) const [with TChar = const char]' is deprecated: use obj[key].to<JsonArray>() instead [-Wdeprecated-declarations]
             JsonArray tags = metadata.createNestedArray("tags");
                                                               ^
In file included from .pio/libdeps/esp32s3_n8r2/ArduinoJson/src/ArduinoJson.hpp:39,
                 from .pio/libdeps/esp32s3_n8r2/ArduinoJson/src/ArduinoJson.h:9,
                 from src/profiles.h:12,
                 from src/profiles.cpp:5:
.pio/libdeps/esp32s3_n8r2/ArduinoJson/src/ArduinoJson/Object/JsonObject.hpp:197:13: note: declared here
   JsonArray createNestedArray(TChar* key) const {
             ^~~~~~~~~~~~~~~~~
src/profiles.cpp:942:72: warning: 'ArduinoJson::V743PB22::JsonObject ArduinoJson::V743PB22::JsonObject::createNestedObject(TChar*) [with TChar = const char]' is deprecated: use obj[key].to<JsonObject>() instead [-Wdeprecated-declarations]
             JsonObject parameters = obj.createNestedObject("parameters");
                                                                        ^
In file included from .pio/libdeps/esp32s3_n8r2/ArduinoJson/src/ArduinoJson.hpp:39,
                 from .pio/libdeps/esp32s3_n8r2/ArduinoJson/src/ArduinoJson.h:9,
                 from src/profiles.h:12,
                 from src/profiles.cpp:5:
.pio/libdeps/esp32s3_n8r2/ArduinoJson/src/ArduinoJson/Object/JsonObject.hpp:211:14: note: declared here
   JsonObject createNestedObject(TChar* key) {
              ^~~~~~~~~~~~~~~~~~
src/profiles.cpp:946:71: warning: 'ArduinoJson::V743PB22::JsonObject ArduinoJson::V743PB22::JsonObject::createNestedObject(TChar*) [with TChar = const char]' is deprecated: use obj[key].to<JsonObject>() instead [-Wdeprecated-declarations]
             JsonObject heater = parameters.createNestedObject("heater");
                                                                       ^
In file included from .pio/libdeps/esp32s3_n8r2/ArduinoJson/src/ArduinoJson.hpp:39,
                 from .pio/libdeps/esp32s3_n8r2/ArduinoJson/src/ArduinoJson.h:9,
                 from src/profiles.h:12,
                 from src/profiles.cpp:5:
.pio/libdeps/esp32s3_n8r2/ArduinoJson/src/ArduinoJson/Object/JsonObject.hpp:211:14: note: declared here
   JsonObject createNestedObject(TChar* key) {
              ^~~~~~~~~~~~~~~~~~
src/profiles.cpp:953:85: warning: 'ArduinoJson::V743PB22::JsonObject ArduinoJson::V743PB22::JsonObject::createNestedObject(TChar*) [with TChar = const char]' is deprecated: use obj[key].to<JsonObject>() instead [-Wdeprecated-declarations]
             JsonObject rectification = parameters.createNestedObject("rectification");
                                                                                     ^
In file included from .pio/libdeps/esp32s3_n8r2/ArduinoJson/src/ArduinoJson.hpp:39,
                 from .pio/libdeps/esp32s3_n8r2/ArduinoJson/src/ArduinoJson.h:9,
                 from src/profiles.h:12,
                 from src/profiles.cpp:5:
.pio/libdeps/esp32s3_n8r2/ArduinoJson/src/ArduinoJson/Object/JsonObject.hpp:211:14: note: declared here
   JsonObject createNestedObject(TChar* key) {
              ^~~~~~~~~~~~~~~~~~
src/profiles.cpp:963:83: warning: 'ArduinoJson::V743PB22::JsonObject ArduinoJson::V743PB22::JsonObject::createNestedObject(TChar*) [with TChar = const char]' is deprecated: use obj[key].to<JsonObject>() instead [-Wdeprecated-declarations]
             JsonObject distillation = parameters.createNestedObject("distillation");
                                                                                   ^
In file included from .pio/libdeps/esp32s3_n8r2/ArduinoJson/src/ArduinoJson.hpp:39,
                 from .pio/libdeps/esp32s3_n8r2/ArduinoJson/src/ArduinoJson.h:9,
                 from src/profiles.h:12,
                 from src/profiles.cpp:5:
.pio/libdeps/esp32s3_n8r2/ArduinoJson/src/ArduinoJson/Object/JsonObject.hpp:211:14: note: declared here
   JsonObject createNestedObject(TChar* key) {
              ^~~~~~~~~~~~~~~~~~
src/profiles.cpp:969:83: warning: 'ArduinoJson::V743PB22::JsonObject ArduinoJson::V743PB22::JsonObject::createNestedObject(TChar*) [with TChar = const char]' is deprecated: use obj[key].to<JsonObject>() instead [-Wdeprecated-declarations]
             JsonObject temperatures = parameters.createNestedObject("temperatures");
                                                                                   ^
In file included from .pio/libdeps/esp32s3_n8r2/ArduinoJson/src/ArduinoJson.hpp:39,
                 from .pio/libdeps/esp32s3_n8r2/ArduinoJson/src/ArduinoJson.h:9,
                 from src/profiles.h:12,
                 from src/profiles.cpp:5:
.pio/libdeps/esp32s3_n8r2/ArduinoJson/src/ArduinoJson/Object/JsonObject.hpp:211:14: note: declared here
   JsonObject createNestedObject(TChar* key) {
              ^~~~~~~~~~~~~~~~~~
src/profiles.cpp:976:71: warning: 'ArduinoJson::V743PB22::JsonObject ArduinoJson::V743PB22::JsonObject::createNestedObject(TChar*) [with TChar = const char]' is deprecated: use obj[key].to<JsonObject>() instead [-Wdeprecated-declarations]
             JsonObject safety = parameters.createNestedObject("safety");
                                                                       ^
In file included from .pio/libdeps/esp32s3_n8r2/ArduinoJson/src/ArduinoJson.hpp:39,
                 from .pio/libdeps/esp32s3_n8r2/ArduinoJson/src/ArduinoJson.h:9,
                 from src/profiles.h:12,
                 from src/profiles.cpp:5:
.pio/libdeps/esp32s3_n8r2/ArduinoJson/src/ArduinoJson/Object/JsonObject.hpp:211:14: note: declared here
   JsonObject createNestedObject(TChar* key) {
              ^~~~~~~~~~~~~~~~~~
src/profiles.cpp:981:72: warning: 'ArduinoJson::V743PB22::JsonObject ArduinoJson::V743PB22::JsonObject::createNestedObject(TChar*) [with TChar = const char]' is deprecated: use obj[key].to<JsonObject>() instead [-Wdeprecated-declarations]
             JsonObject statistics = obj.createNestedObject("statistics");
                                                                        ^
In file included from .pio/libdeps/esp32s3_n8r2/ArduinoJson/src/ArduinoJson.hpp:39,
                 from .pio/libdeps/esp32s3_n8r2/ArduinoJson/src/ArduinoJson.h:9,
                 from src/profiles.h:12,
                 from src/profiles.cpp:5:
.pio/libdeps/esp32s3_n8r2/ArduinoJson/src/ArduinoJson/Object/JsonObject.hpp:211:14: note: declared here
   JsonObject createNestedObject(TChar* key) {
              ^~~~~~~~~~~~~~~~~~
src/profiles.cpp: In function 'String importProfileFromJSON(const String&)':
src/profiles.cpp:1000:28: warning: 'DynamicJsonDocument' is deprecated: use JsonDocument instead [-Wdeprecated-declarations]
     DynamicJsonDocument doc(8192);
                            ^
In file included from .pio/libdeps/esp32s3_n8r2/ArduinoJson/src/ArduinoJson.hpp:65,
                 from .pio/libdeps/esp32s3_n8r2/ArduinoJson/src/ArduinoJson.h:9,
                 from src/profiles.h:12,
                 from src/profiles.cpp:5:
.pio/libdeps/esp32s3_n8r2/ArduinoJson/src/ArduinoJson/compatibility.hpp:125:58: note: declared here
 class ARDUINOJSON_DEPRECATED("use JsonDocument instead") DynamicJsonDocument
                                                          ^~~~~~~~~~~~~~~~~~~
src/profiles.cpp: In function 'uint16_t importProfilesFromJSON(const String&)':
src/profiles.cpp:1081:28: warning: 'DynamicJsonDocument' is deprecated: use JsonDocument instead [-Wdeprecated-declarations]
     DynamicJsonDocument doc(32768);
                            ^
In file included from .pio/libdeps/esp32s3_n8r2/ArduinoJson/src/ArduinoJson.hpp:65,
                 from .pio/libdeps/esp32s3_n8r2/ArduinoJson/src/ArduinoJson.h:9,
                 from src/profiles.h:12,
                 from src/profiles.cpp:5:
.pio/libdeps/esp32s3_n8r2/ArduinoJson/src/ArduinoJson/compatibility.hpp:125:58: note: declared here
 class ARDUINOJSON_DEPRECATED("use JsonDocument instead") DynamicJsonDocument
                                                          ^~~~~~~~~~~~~~~~~~~
src/interface/webserver.cpp: In lambda function:
src/interface/webserver.cpp:278:5: warning: 'template<unsigned int N> class ArduinoJson::V743PB22::StaticJsonDocument' is deprecated: use JsonDocument instead [-Wdeprecated-declarations]
     StaticJsonDocument<3584> doc;
     ^~~~~~~~~~~~~~~~~~
In file included from .pio/libdeps/esp32s3_n8r2/ArduinoJson/src/ArduinoJson.hpp:65,
                 from .pio/libdeps/esp32s3_n8r2/ArduinoJson/src/ArduinoJson.h:9,
                 from src/interface/../profiles.h:12,
                 from src/interface/webserver.cpp:39:
.pio/libdeps/esp32s3_n8r2/ArduinoJson/src/ArduinoJson/compatibility.hpp:63:58: note: declared here
 class ARDUINOJSON_DEPRECATED("use JsonDocument instead") StaticJsonDocument
                                                          ^~~~~~~~~~~~~~~~~~
src/interface/webserver.cpp:291:54: warning: 'ArduinoJson::V743PB22::JsonObject ArduinoJson::V743PB22::JsonDocument::createNestedObject(TChar*) [with TChar = const char]' is deprecated: use doc[key].to<JsonObject>() instead [-Wdeprecated-declarations]
     JsonObject temps = doc.createNestedObject("temps");
                                                      ^
In file included from .pio/libdeps/esp32s3_n8r2/ArduinoJson/src/ArduinoJson.hpp:42,
                 from .pio/libdeps/esp32s3_n8r2/ArduinoJson/src/ArduinoJson.h:9,
                 from src/interface/../profiles.h:12,
                 from src/interface/webserver.cpp:39:
.pio/libdeps/esp32s3_n8r2/ArduinoJson/src/ArduinoJson/Document/JsonDocument.hpp:376:14: note: declared here
   JsonObject createNestedObject(TChar* key) {
              ^~~~~~~~~~~~~~~~~~
src/interface/webserver.cpp:304:60: warning: 'ArduinoJson::V743PB22::JsonObject ArduinoJson::V743PB22::JsonDocument::createNestedObject(TChar*) [with TChar = const char]' is deprecated: use doc[key].to<JsonObject>() instead [-Wdeprecated-declarations]
     JsonObject pressure = doc.createNestedObject("pressure");
                                                            ^
In file included from .pio/libdeps/esp32s3_n8r2/ArduinoJson/src/ArduinoJson.hpp:42,
                 from .pio/libdeps/esp32s3_n8r2/ArduinoJson/src/ArduinoJson.h:9,
                 from src/interface/../profiles.h:12,
                 from src/interface/webserver.cpp:39:
.pio/libdeps/esp32s3_n8r2/ArduinoJson/src/ArduinoJson/Document/JsonDocument.hpp:376:14: note: declared here
   JsonObject createNestedObject(TChar* key) {
              ^~~~~~~~~~~~~~~~~~
src/interface/webserver.cpp:310:54: warning: 'ArduinoJson::V743PB22::JsonObject ArduinoJson::V743PB22::JsonDocument::createNestedObject(TChar*) [with TChar = const char]' is deprecated: use doc[key].to<JsonObject>() instead [-Wdeprecated-declarations]
     JsonObject power = doc.createNestedObject("power");
                                                      ^
In file included from .pio/libdeps/esp32s3_n8r2/ArduinoJson/src/ArduinoJson.hpp:42,
                 from .pio/libdeps/esp32s3_n8r2/ArduinoJson/src/ArduinoJson.h:9,
                 from src/interface/../profiles.h:12,
                 from src/interface/webserver.cpp:39:
.pio/libdeps/esp32s3_n8r2/ArduinoJson/src/ArduinoJson/Document/JsonDocument.hpp:376:14: note: declared here
   JsonObject createNestedObject(TChar* key) {
              ^~~~~~~~~~~~~~~~~~
src/interface/webserver.cpp:320:52: warning: 'ArduinoJson::V743PB22::JsonObject ArduinoJson::V743PB22::JsonDocument::createNestedObject(TChar*) [with TChar = const char]' is deprecated: use doc[key].to<JsonObject>() instead [-Wdeprecated-declarations]
     JsonObject pump = doc.createNestedObject("pump");
                                                    ^
In file included from .pio/libdeps/esp32s3_n8r2/ArduinoJson/src/ArduinoJson.hpp:42,
                 from .pio/libdeps/esp32s3_n8r2/ArduinoJson/src/ArduinoJson.h:9,
                 from src/interface/../profiles.h:12,
                 from src/interface/webserver.cpp:39:
.pio/libdeps/esp32s3_n8r2/ArduinoJson/src/ArduinoJson/Document/JsonDocument.hpp:376:14: note: declared here
   JsonObject createNestedObject(TChar* key) {
              ^~~~~~~~~~~~~~~~~~
src/interface/webserver.cpp:325:56: warning: 'ArduinoJson::V743PB22::JsonObject ArduinoJson::V743PB22::JsonDocument::createNestedObject(TChar*) [with TChar = const char]' is deprecated: use doc[key].to<JsonObject>() instead [-Wdeprecated-declarations]
     JsonObject valves = doc.createNestedObject("valves");
                                                        ^
In file included from .pio/libdeps/esp32s3_n8r2/ArduinoJson/src/ArduinoJson.hpp:42,
                 from .pio/libdeps/esp32s3_n8r2/ArduinoJson/src/ArduinoJson.h:9,
                 from src/interface/../profiles.h:12,
                 from src/interface/webserver.cpp:39:
.pio/libdeps/esp32s3_n8r2/ArduinoJson/src/ArduinoJson/Document/JsonDocument.hpp:376:14: note: declared here
   JsonObject createNestedObject(TChar* key) {
              ^~~~~~~~~~~~~~~~~~
src/interface/webserver.cpp:332:59: warning: 'ArduinoJson::V743PB22::JsonObject ArduinoJson::V743PB22::JsonDocument::createNestedObject(TChar*) [with TChar = const char]' is deprecated: use doc[key].to<JsonObject>() instead [-Wdeprecated-declarations]
     JsonObject hydro = doc.createNestedObject("hydrometer");
                                                           ^
In file included from .pio/libdeps/esp32s3_n8r2/ArduinoJson/src/ArduinoJson.hpp:42,
                 from .pio/libdeps/esp32s3_n8r2/ArduinoJson/src/ArduinoJson.h:9,
                 from src/interface/../profiles.h:12,
                 from src/interface/webserver.cpp:39:
.pio/libdeps/esp32s3_n8r2/ArduinoJson/src/ArduinoJson/Document/JsonDocument.hpp:376:14: note: declared here
   JsonObject createNestedObject(TChar* key) {
              ^~~~~~~~~~~~~~~~~~
src/interface/webserver.cpp:338:58: warning: 'ArduinoJson::V743PB22::JsonObject ArduinoJson::V743PB22::JsonDocument::createNestedObject(TChar*) [with TChar = const char]' is deprecated: use doc[key].to<JsonObject>() instead [-Wdeprecated-declarations]
     JsonObject volumes = doc.createNestedObject("volumes");
                                                          ^
In file included from .pio/libdeps/esp32s3_n8r2/ArduinoJson/src/ArduinoJson.hpp:42,
                 from .pio/libdeps/esp32s3_n8r2/ArduinoJson/src/ArduinoJson.h:9,
                 from src/interface/../profiles.h:12,
                 from src/interface/webserver.cpp:39:
.pio/libdeps/esp32s3_n8r2/ArduinoJson/src/ArduinoJson/Document/JsonDocument.hpp:376:14: note: declared here
   JsonObject createNestedObject(TChar* key) {
              ^~~~~~~~~~~~~~~~~~
src/interface/webserver.cpp:344:62: warning: 'ArduinoJson::V743PB22::JsonObject ArduinoJson::V743PB22::JsonDocument::createNestedObject(TChar*) [with TChar = const char]' is deprecated: use doc[key].to<JsonObject>() instead [-Wdeprecated-declarations]
     JsonObject equipment = doc.createNestedObject("equipment");
                                                              ^
In file included from .pio/libdeps/esp32s3_n8r2/ArduinoJson/src/ArduinoJson.hpp:42,
                 from .pio/libdeps/esp32s3_n8r2/ArduinoJson/src/ArduinoJson.h:9,
                 from src/interface/../profiles.h:12,
                 from src/interface/webserver.cpp:39:
.pio/libdeps/esp32s3_n8r2/ArduinoJson/src/ArduinoJson/Document/JsonDocument.hpp:376:14: note: declared here
   JsonObject createNestedObject(TChar* key) {
              ^~~~~~~~~~~~~~~~~~
src/interface/webserver.cpp:351:72: warning: 'ArduinoJson::V743PB22::JsonObject ArduinoJson::V743PB22::JsonDocument::createNestedObject(TChar*) [with TChar = const char]' is deprecated: use doc[key].to<JsonObject>() instead [-Wdeprecated-declarations]
     JsonObject safetySettings = doc.createNestedObject("safetySettings");
                                                                        ^
In file included from .pio/libdeps/esp32s3_n8r2/ArduinoJson/src/ArduinoJson.hpp:42,
                 from .pio/libdeps/esp32s3_n8r2/ArduinoJson/src/ArduinoJson.h:9,
                 from src/interface/../profiles.h:12,
                 from src/interface/webserver.cpp:39:
.pio/libdeps/esp32s3_n8r2/ArduinoJson/src/ArduinoJson/Document/JsonDocument.hpp:376:14: note: declared here
   JsonObject createNestedObject(TChar* key) {
              ^~~~~~~~~~~~~~~~~~
src/interface/webserver.cpp:366:61: warning: 'ArduinoJson::V743PB22::JsonObject ArduinoJson::V743PB22::JsonDocument::createNestedObject(TChar*) [with TChar = const char]' is deprecated: use doc[key].to<JsonObject>() instead [-Wdeprecated-declarations]
     JsonObject rect = doc.createNestedObject("rectification");
                                                             ^
In file included from .pio/libdeps/esp32s3_n8r2/ArduinoJson/src/ArduinoJson.hpp:42,
                 from .pio/libdeps/esp32s3_n8r2/ArduinoJson/src/ArduinoJson.h:9,
                 from src/interface/../profiles.h:12,
                 from src/interface/webserver.cpp:39:
.pio/libdeps/esp32s3_n8r2/ArduinoJson/src/ArduinoJson/Document/JsonDocument.hpp:376:14: note: declared here
   JsonObject createNestedObject(TChar* key) {
              ^~~~~~~~~~~~~~~~~~
src/interface/webserver.cpp:383:68: warning: 'ArduinoJson::V743PB22::JsonObject ArduinoJson::V743PB22::JsonDocument::createNestedObject(TChar*) [with TChar = const char]' is deprecated: use doc[key].to<JsonObject>() instead [-Wdeprecated-declarations]
     JsonObject distillation = doc.createNestedObject("distillation");
                                                                    ^
In file included from .pio/libdeps/esp32s3_n8r2/ArduinoJson/src/ArduinoJson.hpp:42,
                 from .pio/libdeps/esp32s3_n8r2/ArduinoJson/src/ArduinoJson.h:9,
                 from src/interface/../profiles.h:12,
                 from src/interface/webserver.cpp:39:
.pio/libdeps/esp32s3_n8r2/ArduinoJson/src/ArduinoJson/Document/JsonDocument.hpp:376:14: note: declared here
   JsonObject createNestedObject(TChar* key) {
              ^~~~~~~~~~~~~~~~~~
src/interface/webserver.cpp:397:60: warning: 'ArduinoJson::V743PB22::JsonObject ArduinoJson::V743PB22::JsonDocument::createNestedObject(TChar*) [with TChar = const char]' is deprecated: use doc[key].to<JsonObject>() instead [-Wdeprecated-declarations]
     JsonObject progress = doc.createNestedObject("progress");
                                                            ^
In file included from .pio/libdeps/esp32s3_n8r2/ArduinoJson/src/ArduinoJson.hpp:42,
                 from .pio/libdeps/esp32s3_n8r2/ArduinoJson/src/ArduinoJson.h:9,
                 from src/interface/../profiles.h:12,
                 from src/interface/webserver.cpp:39:
.pio/libdeps/esp32s3_n8r2/ArduinoJson/src/ArduinoJson/Document/JsonDocument.hpp:376:14: note: declared here
   JsonObject createNestedObject(TChar* key) {
              ^~~~~~~~~~~~~~~~~~
src/interface/webserver.cpp:407:58: warning: 'ArduinoJson::V743PB22::JsonObject ArduinoJson::V743PB22::JsonDocument::createNestedObject(TChar*) [with TChar = const char]' is deprecated: use doc[key].to<JsonObject>() instead [-Wdeprecated-declarations]
     JsonObject display = doc.createNestedObject("display");
                                                          ^
In file included from .pio/libdeps/esp32s3_n8r2/ArduinoJson/src/ArduinoJson.hpp:42,
                 from .pio/libdeps/esp32s3_n8r2/ArduinoJson/src/ArduinoJson.h:9,
                 from src/interface/../profiles.h:12,
                 from src/interface/webserver.cpp:39:
.pio/libdeps/esp32s3_n8r2/ArduinoJson/src/ArduinoJson/Document/JsonDocument.hpp:376:14: note: declared here
   JsonObject createNestedObject(TChar* key) {
              ^~~~~~~~~~~~~~~~~~
src/interface/webserver.cpp:421:54: warning: 'ArduinoJson::V743PB22::JsonObject ArduinoJson::V743PB22::JsonDocument::createNestedObject(TChar*) [with TChar = const char]' is deprecated: use doc[key].to<JsonObject>() instead [-Wdeprecated-declarations]
     JsonObject cloud = doc.createNestedObject("cloud");
                                                      ^
In file included from .pio/libdeps/esp32s3_n8r2/ArduinoJson/src/ArduinoJson.hpp:42,
                 from .pio/libdeps/esp32s3_n8r2/ArduinoJson/src/ArduinoJson.h:9,
                 from src/interface/../profiles.h:12,
                 from src/interface/webserver.cpp:39:
.pio/libdeps/esp32s3_n8r2/ArduinoJson/src/ArduinoJson/Document/JsonDocument.hpp:376:14: note: declared here
   JsonObject createNestedObject(TChar* key) {
              ^~~~~~~~~~~~~~~~~~
src/interface/webserver.cpp:437:58: warning: 'ArduinoJson::V743PB22::JsonObject ArduinoJson::V743PB22::JsonDocument::createNestedObject(TChar*) [with TChar = const char]' is deprecated: use doc[key].to<JsonObject>() instead [-Wdeprecated-declarations]
     JsonObject mashing = doc.createNestedObject("mashing");
                                                          ^
In file included from .pio/libdeps/esp32s3_n8r2/ArduinoJson/src/ArduinoJson.hpp:42,
                 from .pio/libdeps/esp32s3_n8r2/ArduinoJson/src/ArduinoJson.h:9,
                 from src/interface/../profiles.h:12,
                 from src/interface/webserver.cpp:39:
.pio/libdeps/esp32s3_n8r2/ArduinoJson/src/ArduinoJson/Document/JsonDocument.hpp:376:14: note: declared here
   JsonObject createNestedObject(TChar* key) {
              ^~~~~~~~~~~~~~~~~~
src/interface/webserver.cpp:459:52: warning: 'ArduinoJson::V743PB22::JsonObject ArduinoJson::V743PB22::JsonDocument::createNestedObject(TChar*) [with TChar = const char]' is deprecated: use doc[key].to<JsonObject>() instead [-Wdeprecated-declarations]
     JsonObject hold = doc.createNestedObject("hold");
                                                    ^
In file included from .pio/libdeps/esp32s3_n8r2/ArduinoJson/src/ArduinoJson.hpp:42,
                 from .pio/libdeps/esp32s3_n8r2/ArduinoJson/src/ArduinoJson.h:9,
                 from src/interface/../profiles.h:12,
                 from src/interface/webserver.cpp:39:
.pio/libdeps/esp32s3_n8r2/ArduinoJson/src/ArduinoJson/Document/JsonDocument.hpp:376:14: note: declared here
   JsonObject createNestedObject(TChar* key) {
              ^~~~~~~~~~~~~~~~~~
src/interface/webserver.cpp: In lambda function:
src/interface/webserver.cpp:488:5: warning: 'template<unsigned int N> class ArduinoJson::V743PB22::StaticJsonDocument' is deprecated: use JsonDocument instead [-Wdeprecated-declarations]
     StaticJsonDocument<512> doc;
     ^~~~~~~~~~~~~~~~~~
In file included from .pio/libdeps/esp32s3_n8r2/ArduinoJson/src/ArduinoJson.hpp:65,
                 from .pio/libdeps/esp32s3_n8r2/ArduinoJson/src/ArduinoJson.h:9,
                 from src/interface/../profiles.h:12,
                 from src/interface/webserver.cpp:39:
.pio/libdeps/esp32s3_n8r2/ArduinoJson/src/ArduinoJson/compatibility.hpp:63:58: note: declared here
 class ARDUINOJSON_DEPRECATED("use JsonDocument instead") StaticJsonDocument
                                                          ^~~~~~~~~~~~~~~~~~
src/interface/webserver.cpp:491:61: warning: 'ArduinoJson::V743PB22::JsonObject ArduinoJson::V743PB22::JsonDocument::createNestedObject(TChar*) [with TChar = const char]' is deprecated: use doc[key].to<JsonObject>() instead [-Wdeprecated-declarations]
     JsonObject temps = doc.createNestedObject("temperatures");
                                                             ^
In file included from .pio/libdeps/esp32s3_n8r2/ArduinoJson/src/ArduinoJson.hpp:42,
                 from .pio/libdeps/esp32s3_n8r2/ArduinoJson/src/ArduinoJson.h:9,
                 from src/interface/../profiles.h:12,
                 from src/interface/webserver.cpp:39:
.pio/libdeps/esp32s3_n8r2/ArduinoJson/src/ArduinoJson/Document/JsonDocument.hpp:376:14: note: declared here
   JsonObject createNestedObject(TChar* key) {
              ^~~~~~~~~~~~~~~~~~
src/interface/webserver.cpp:496:58: warning: 'ArduinoJson::V743PB22::JsonObject ArduinoJson::V743PB22::JsonDocument::createNestedObject(TChar*) [with TChar = const char]' is deprecated: use doc[key].to<JsonObject>() instead [-Wdeprecated-declarations]
     JsonObject sensors = doc.createNestedObject("sensors");
                                                          ^
In file included from .pio/libdeps/esp32s3_n8r2/ArduinoJson/src/ArduinoJson.hpp:42,
                 from .pio/libdeps/esp32s3_n8r2/ArduinoJson/src/ArduinoJson.h:9,
                 from src/interface/../profiles.h:12,
                 from src/interface/webserver.cpp:39:
.pio/libdeps/esp32s3_n8r2/ArduinoJson/src/ArduinoJson/Document/JsonDocument.hpp:376:14: note: declared here
   JsonObject createNestedObject(TChar* key) {
              ^~~~~~~~~~~~~~~~~~
src/interface/webserver.cpp:502:52: warning: 'ArduinoJson::V743PB22::JsonObject ArduinoJson::V743PB22::JsonDocument::createNestedObject(TChar*) [with TChar = const char]' is deprecated: use doc[key].to<JsonObject>() instead [-Wdeprecated-declarations]
     JsonObject wifi = doc.createNestedObject("wifi");
                                                    ^
In file included from .pio/libdeps/esp32s3_n8r2/ArduinoJson/src/ArduinoJson.hpp:42,
                 from .pio/libdeps/esp32s3_n8r2/ArduinoJson/src/ArduinoJson.h:9,
                 from src/interface/../profiles.h:12,
                 from src/interface/webserver.cpp:39:
.pio/libdeps/esp32s3_n8r2/ArduinoJson/src/ArduinoJson/Document/JsonDocument.hpp:376:14: note: declared here
   JsonObject createNestedObject(TChar* key) {
              ^~~~~~~~~~~~~~~~~~
src/interface/webserver.cpp:507:56: warning: 'ArduinoJson::V743PB22::JsonObject ArduinoJson::V743PB22::JsonDocument::createNestedObject(TChar*) [with TChar = const char]' is deprecated: use doc[key].to<JsonObject>() instead [-Wdeprecated-declarations]
     JsonObject system = doc.createNestedObject("system");
                                                        ^
In file included from .pio/libdeps/esp32s3_n8r2/ArduinoJson/src/ArduinoJson.hpp:42,
                 from .pio/libdeps/esp32s3_n8r2/ArduinoJson/src/ArduinoJson.h:9,
                 from src/interface/../profiles.h:12,
                 from src/interface/webserver.cpp:39:
.pio/libdeps/esp32s3_n8r2/ArduinoJson/src/ArduinoJson/Document/JsonDocument.hpp:376:14: note: declared here
   JsonObject createNestedObject(TChar* key) {
              ^~~~~~~~~~~~~~~~~~
src/interface/webserver.cpp:513:56: warning: 'ArduinoJson::V743PB22::JsonObject ArduinoJson::V743PB22::JsonDocument::createNestedObject(TChar*) [with TChar = const char]' is deprecated: use doc[key].to<JsonObject>() instead [-Wdeprecated-declarations]
     JsonObject errors = doc.createNestedObject("errors");
                                                        ^
In file included from .pio/libdeps/esp32s3_n8r2/ArduinoJson/src/ArduinoJson.hpp:42,
                 from .pio/libdeps/esp32s3_n8r2/ArduinoJson/src/ArduinoJson.h:9,
                 from src/interface/../profiles.h:12,
                 from src/interface/webserver.cpp:39:
.pio/libdeps/esp32s3_n8r2/ArduinoJson/src/ArduinoJson/Document/JsonDocument.hpp:376:14: note: declared here
   JsonObject createNestedObject(TChar* key) {
              ^~~~~~~~~~~~~~~~~~
src/interface/webserver.cpp: In lambda function:
src/interface/webserver.cpp:528:5: warning: 'template<unsigned int N> class ArduinoJson::V743PB22::StaticJsonDocument' is deprecated: use JsonDocument instead [-Wdeprecated-declarations]
     StaticJsonDocument<768> doc;
     ^~~~~~~~~~~~~~~~~~
In file included from .pio/libdeps/esp32s3_n8r2/ArduinoJson/src/ArduinoJson.hpp:65,
                 from .pio/libdeps/esp32s3_n8r2/ArduinoJson/src/ArduinoJson.h:9,
                 from src/interface/../profiles.h:12,
                 from src/interface/webserver.cpp:39:
.pio/libdeps/esp32s3_n8r2/ArduinoJson/src/ArduinoJson/compatibility.hpp:63:58: note: declared here
 class ARDUINOJSON_DEPRECATED("use JsonDocument instead") StaticJsonDocument
                                                          ^~~~~~~~~~~~~~~~~~
src/interface/webserver.cpp:561:7: warning: 'template<unsigned int N> class ArduinoJson::V743PB22::StaticJsonDocument' is deprecated: use JsonDocument instead [-Wdeprecated-declarations]
       StaticJsonDocument<256> frontendDoc;
       ^~~~~~~~~~~~~~~~~~
In file included from .pio/libdeps/esp32s3_n8r2/ArduinoJson/src/ArduinoJson.hpp:65,
                 from .pio/libdeps/esp32s3_n8r2/ArduinoJson/src/ArduinoJson.h:9,
                 from src/interface/../profiles.h:12,
                 from src/interface/webserver.cpp:39:
.pio/libdeps/esp32s3_n8r2/ArduinoJson/src/ArduinoJson/compatibility.hpp:63:58: note: declared here
 class ARDUINOJSON_DEPRECATED("use JsonDocument instead") StaticJsonDocument
                                                          ^~~~~~~~~~~~~~~~~~
src/interface/webserver.cpp: In lambda function:
src/interface/webserver.cpp:594:32: warning: 'DynamicJsonDocument' is deprecated: use JsonDocument instead [-Wdeprecated-declarations]
         DynamicJsonDocument doc(2048);
                                ^
In file included from .pio/libdeps/esp32s3_n8r2/ArduinoJson/src/ArduinoJson.hpp:65,
                 from .pio/libdeps/esp32s3_n8r2/ArduinoJson/src/ArduinoJson.h:9,
                 from src/interface/../profiles.h:12,
                 from src/interface/webserver.cpp:39:
.pio/libdeps/esp32s3_n8r2/ArduinoJson/src/ArduinoJson/compatibility.hpp:125:58: note: declared here
 class ARDUINOJSON_DEPRECATED("use JsonDocument instead") DynamicJsonDocument
                                                          ^~~~~~~~~~~~~~~~~~~
src/interface/webserver.cpp:663:63: warning: 'bool ArduinoJson::V743PB22::JsonObject::containsKey(const TString&) const [with TString = char [8]; typename ArduinoJson::V743PB22::detail::enable_if<ArduinoJson::V743PB22::detail::IsString<TString>::value, int>::type <anonymous> = 0]' is deprecated: use obj[key].is<T>() instead [-Wdeprecated-declarations]
           if (!params.isNull() && params.containsKey("profile")) {
                                                               ^
In file included from .pio/libdeps/esp32s3_n8r2/ArduinoJson/src/ArduinoJson.hpp:39,
                 from .pio/libdeps/esp32s3_n8r2/ArduinoJson/src/ArduinoJson.h:9,
                 from src/interface/../profiles.h:12,
                 from src/interface/webserver.cpp:39:
.pio/libdeps/esp32s3_n8r2/ArduinoJson/src/ArduinoJson/Object/JsonObject.hpp:168:8: note: declared here
   bool containsKey(const TString& key) const {
        ^~~~~~~~~~~
src/interface/webserver.cpp:730:61: warning: 'bool ArduinoJson::V743PB22::JsonObject::containsKey(const TString&) const [with TString = char [6]; typename ArduinoJson::V743PB22::detail::enable_if<ArduinoJson::V743PB22::detail::IsString<TString>::value, int>::type <anonymous> = 0]' is deprecated: use obj[key].is<T>() instead [-Wdeprecated-declarations]
           if (!params.isNull() && params.containsKey("steps")) {
                                                             ^
In file included from .pio/libdeps/esp32s3_n8r2/ArduinoJson/src/ArduinoJson.hpp:39,
                 from .pio/libdeps/esp32s3_n8r2/ArduinoJson/src/ArduinoJson.h:9,
                 from src/interface/../profiles.h:12,
                 from src/interface/webserver.cpp:39:
.pio/libdeps/esp32s3_n8r2/ArduinoJson/src/ArduinoJson/Object/JsonObject.hpp:168:8: note: declared here
   bool containsKey(const TString& key) const {
        ^~~~~~~~~~~
src/interface/webserver.cpp: In lambda function:
src/interface/webserver.cpp:809:11: warning: 'template<unsigned int N> class ArduinoJson::V743PB22::StaticJsonDocument' is deprecated: use JsonDocument instead [-Wdeprecated-declarations]
           StaticJsonDocument<256> doc;
           ^~~~~~~~~~~~~~~~~~
In file included from .pio/libdeps/esp32s3_n8r2/ArduinoJson/src/ArduinoJson.hpp:65,
                 from .pio/libdeps/esp32s3_n8r2/ArduinoJson/src/ArduinoJson.h:9,
                 from src/interface/../profiles.h:12,
                 from src/interface/webserver.cpp:39:
.pio/libdeps/esp32s3_n8r2/ArduinoJson/src/ArduinoJson/compatibility.hpp:63:58: note: declared here
 class ARDUINOJSON_DEPRECATED("use JsonDocument instead") StaticJsonDocument
                                                          ^~~~~~~~~~~~~~~~~~
src/interface/webserver.cpp:819:9: warning: 'template<unsigned int N> class ArduinoJson::V743PB22::StaticJsonDocument' is deprecated: use JsonDocument instead [-Wdeprecated-declarations]
         StaticJsonDocument<256> out;
         ^~~~~~~~~~~~~~~~~~
In file included from .pio/libdeps/esp32s3_n8r2/ArduinoJson/src/ArduinoJson.hpp:65,
                 from .pio/libdeps/esp32s3_n8r2/ArduinoJson/src/ArduinoJson.h:9,
                 from src/interface/../profiles.h:12,
                 from src/interface/webserver.cpp:39:
.pio/libdeps/esp32s3_n8r2/ArduinoJson/src/ArduinoJson/compatibility.hpp:63:58: note: declared here
 class ARDUINOJSON_DEPRECATED("use JsonDocument instead") StaticJsonDocument
                                                          ^~~~~~~~~~~~~~~~~~
src/interface/webserver.cpp: In lambda function:
src/interface/webserver.cpp:838:9: warning: 'template<unsigned int N> class ArduinoJson::V743PB22::StaticJsonDocument' is deprecated: use JsonDocument instead [-Wdeprecated-declarations]
         StaticJsonDocument<384> doc;
         ^~~~~~~~~~~~~~~~~~
In file included from .pio/libdeps/esp32s3_n8r2/ArduinoJson/src/ArduinoJson.hpp:65,
                 from .pio/libdeps/esp32s3_n8r2/ArduinoJson/src/ArduinoJson.h:9,
                 from src/interface/../profiles.h:12,
                 from src/interface/webserver.cpp:39:
.pio/libdeps/esp32s3_n8r2/ArduinoJson/src/ArduinoJson/compatibility.hpp:63:58: note: declared here
 class ARDUINOJSON_DEPRECATED("use JsonDocument instead") StaticJsonDocument
                                                          ^~~~~~~~~~~~~~~~~~
src/interface/webserver.cpp: In lambda function:
src/interface/webserver.cpp:862:5: warning: 'template<unsigned int N> class ArduinoJson::V743PB22::StaticJsonDocument' is deprecated: use JsonDocument instead [-Wdeprecated-declarations]
     StaticJsonDocument<384> doc;
     ^~~~~~~~~~~~~~~~~~
In file included from .pio/libdeps/esp32s3_n8r2/ArduinoJson/src/ArduinoJson.hpp:65,
                 from .pio/libdeps/esp32s3_n8r2/ArduinoJson/src/ArduinoJson.h:9,
                 from src/interface/../profiles.h:12,
                 from src/interface/webserver.cpp:39:
.pio/libdeps/esp32s3_n8r2/ArduinoJson/src/ArduinoJson/compatibility.hpp:63:58: note: declared here
 class ARDUINOJSON_DEPRECATED("use JsonDocument instead") StaticJsonDocument
                                                          ^~~~~~~~~~~~~~~~~~
src/interface/webserver.cpp: In lambda function:
src/interface/webserver.cpp:882:9: warning: 'template<unsigned int N> class ArduinoJson::V743PB22::StaticJsonDocument' is deprecated: use JsonDocument instead [-Wdeprecated-declarations]
         StaticJsonDocument<384> doc;
         ^~~~~~~~~~~~~~~~~~
In file included from .pio/libdeps/esp32s3_n8r2/ArduinoJson/src/ArduinoJson.hpp:65,
                 from .pio/libdeps/esp32s3_n8r2/ArduinoJson/src/ArduinoJson.h:9,
                 from src/interface/../profiles.h:12,
                 from src/interface/webserver.cpp:39:
.pio/libdeps/esp32s3_n8r2/ArduinoJson/src/ArduinoJson/compatibility.hpp:63:58: note: declared here
 class ARDUINOJSON_DEPRECATED("use JsonDocument instead") StaticJsonDocument
                                                          ^~~~~~~~~~~~~~~~~~
src/interface/webserver.cpp:889:43: warning: 'bool ArduinoJson::V743PB22::JsonDocument::containsKey(TChar*) const [with TChar = const char]' is deprecated: use doc["key"].is<T>() instead [-Wdeprecated-declarations]
         if (doc.containsKey("heaterPowerW")) {
                                           ^
In file included from .pio/libdeps/esp32s3_n8r2/ArduinoJson/src/ArduinoJson.hpp:42,
                 from .pio/libdeps/esp32s3_n8r2/ArduinoJson/src/ArduinoJson.h:9,
                 from src/interface/../profiles.h:12,
                 from src/interface/webserver.cpp:39:
.pio/libdeps/esp32s3_n8r2/ArduinoJson/src/ArduinoJson/Document/JsonDocument.hpp:167:8: note: declared here
   bool containsKey(TChar* key) const {
        ^~~~~~~~~~~
src/interface/webserver.cpp:894:45: warning: 'bool ArduinoJson::V743PB22::JsonDocument::containsKey(TChar*) const [with TChar = const char]' is deprecated: use doc["key"].is<T>() instead [-Wdeprecated-declarations]
         if (doc.containsKey("columnHeightMm")) {
                                             ^
In file included from .pio/libdeps/esp32s3_n8r2/ArduinoJson/src/ArduinoJson.hpp:42,
                 from .pio/libdeps/esp32s3_n8r2/ArduinoJson/src/ArduinoJson.h:9,
                 from src/interface/../profiles.h:12,
                 from src/interface/webserver.cpp:39:
.pio/libdeps/esp32s3_n8r2/ArduinoJson/src/ArduinoJson/Document/JsonDocument.hpp:167:8: note: declared here
   bool containsKey(TChar* key) const {
        ^~~~~~~~~~~
src/interface/webserver.cpp:899:42: warning: 'bool ArduinoJson::V743PB22::JsonDocument::containsKey(TChar*) const [with TChar = const char]' is deprecated: use doc["key"].is<T>() instead [-Wdeprecated-declarations]
         if (doc.containsKey("cubeVolumeL")) {
                                          ^
In file included from .pio/libdeps/esp32s3_n8r2/ArduinoJson/src/ArduinoJson.hpp:42,
                 from .pio/libdeps/esp32s3_n8r2/ArduinoJson/src/ArduinoJson.h:9,
                 from src/interface/../profiles.h:12,
                 from src/interface/webserver.cpp:39:
.pio/libdeps/esp32s3_n8r2/ArduinoJson/src/ArduinoJson/Document/JsonDocument.hpp:167:8: note: declared here
   bool containsKey(TChar* key) const {
        ^~~~~~~~~~~
src/interface/webserver.cpp:904:49: warning: 'bool ArduinoJson::V743PB22::JsonDocument::containsKey(TChar*) const [with TChar = const char]' is deprecated: use doc["key"].is<T>() instead [-Wdeprecated-declarations]
         if (doc.containsKey("minHeaterSubmergeL")) {
                                                 ^
In file included from .pio/libdeps/esp32s3_n8r2/ArduinoJson/src/ArduinoJson.hpp:42,
                 from .pio/libdeps/esp32s3_n8r2/ArduinoJson/src/ArduinoJson.h:9,
                 from src/interface/../profiles.h:12,
                 from src/interface/webserver.cpp:39:
.pio/libdeps/esp32s3_n8r2/ArduinoJson/src/ArduinoJson/Document/JsonDocument.hpp:167:8: note: declared here
   bool containsKey(TChar* key) const {
        ^~~~~~~~~~~
src/interface/webserver.cpp:909:54: warning: 'bool ArduinoJson::V743PB22::JsonDocument::containsKey(TChar*) const [with TChar = const char]' is deprecated: use doc["key"].is<T>() instead [-Wdeprecated-declarations]
         if (doc.containsKey("waterAutoStartCubeTempC")) {
                                                      ^
In file included from .pio/libdeps/esp32s3_n8r2/ArduinoJson/src/ArduinoJson.hpp:42,
                 from .pio/libdeps/esp32s3_n8r2/ArduinoJson/src/ArduinoJson.h:9,
                 from src/interface/../profiles.h:12,
                 from src/interface/webserver.cpp:39:
.pio/libdeps/esp32s3_n8r2/ArduinoJson/src/ArduinoJson/Document/JsonDocument.hpp:167:8: note: declared here
   bool containsKey(TChar* key) const {
        ^~~~~~~~~~~
src/interface/webserver.cpp: In lambda function:
src/interface/webserver.cpp:926:5: warning: 'template<unsigned int N> class ArduinoJson::V743PB22::StaticJsonDocument' is deprecated: use JsonDocument instead [-Wdeprecated-declarations]
     StaticJsonDocument<256> doc;
     ^~~~~~~~~~~~~~~~~~
In file included from .pio/libdeps/esp32s3_n8r2/ArduinoJson/src/ArduinoJson.hpp:65,
                 from .pio/libdeps/esp32s3_n8r2/ArduinoJson/src/ArduinoJson.h:9,
                 from src/interface/../profiles.h:12,
                 from src/interface/webserver.cpp:39:
.pio/libdeps/esp32s3_n8r2/ArduinoJson/src/ArduinoJson/compatibility.hpp:63:58: note: declared here
 class ARDUINOJSON_DEPRECATED("use JsonDocument instead") StaticJsonDocument
                                                          ^~~~~~~~~~~~~~~~~~
src/interface/webserver.cpp: In lambda function:
src/interface/webserver.cpp:946:9: warning: 'template<unsigned int N> class ArduinoJson::V743PB22::StaticJsonDocument' is deprecated: use JsonDocument instead [-Wdeprecated-declarations]
         StaticJsonDocument<256> doc;
         ^~~~~~~~~~~~~~~~~~
In file included from .pio/libdeps/esp32s3_n8r2/ArduinoJson/src/ArduinoJson.hpp:65,
                 from .pio/libdeps/esp32s3_n8r2/ArduinoJson/src/ArduinoJson.h:9,
                 from src/interface/../profiles.h:12,
                 from src/interface/webserver.cpp:39:
.pio/libdeps/esp32s3_n8r2/ArduinoJson/src/ArduinoJson/compatibility.hpp:63:58: note: declared here
 class ARDUINOJSON_DEPRECATED("use JsonDocument instead") StaticJsonDocument
                                                          ^~~~~~~~~~~~~~~~~~
src/interface/webserver.cpp:953:46: warning: 'bool ArduinoJson::V743PB22::JsonDocument::containsKey(TChar*) const [with TChar = const char]' is deprecated: use doc["key"].is<T>() instead [-Wdeprecated-declarations]
         if (doc.containsKey("pressureMaxMmHg")) {
                                              ^
In file included from .pio/libdeps/esp32s3_n8r2/ArduinoJson/src/ArduinoJson.hpp:42,
                 from .pio/libdeps/esp32s3_n8r2/ArduinoJson/src/ArduinoJson.h:9,
                 from src/interface/../profiles.h:12,
                 from src/interface/webserver.cpp:39:
.pio/libdeps/esp32s3_n8r2/ArduinoJson/src/ArduinoJson/Document/JsonDocument.hpp:167:8: note: declared here
   bool containsKey(TChar* key) const {
        ^~~~~~~~~~~
src/interface/webserver.cpp:958:38: warning: 'bool ArduinoJson::V743PB22::JsonDocument::containsKey(TChar*) const [with TChar = const char]' is deprecated: use doc["key"].is<T>() instead [-Wdeprecated-declarations]
         if (doc.containsKey("tsaMaxC")) {
                                      ^
In file included from .pio/libdeps/esp32s3_n8r2/ArduinoJson/src/ArduinoJson.hpp:42,
                 from .pio/libdeps/esp32s3_n8r2/ArduinoJson/src/ArduinoJson.h:9,
                 from src/interface/../profiles.h:12,
                 from src/interface/webserver.cpp:39:
.pio/libdeps/esp32s3_n8r2/ArduinoJson/src/ArduinoJson/Document/JsonDocument.hpp:167:8: note: declared here
   bool containsKey(TChar* key) const {
        ^~~~~~~~~~~
src/interface/webserver.cpp:963:43: warning: 'bool ArduinoJson::V743PB22::JsonDocument::containsKey(TChar*) const [with TChar = const char]' is deprecated: use doc["key"].is<T>() instead [-Wdeprecated-declarations]
         if (doc.containsKey("waterOutMaxC")) {
                                           ^
In file included from .pio/libdeps/esp32s3_n8r2/ArduinoJson/src/ArduinoJson.hpp:42,
                 from .pio/libdeps/esp32s3_n8r2/ArduinoJson/src/ArduinoJson.h:9,
                 from src/interface/../profiles.h:12,
                 from src/interface/webserver.cpp:39:
.pio/libdeps/esp32s3_n8r2/ArduinoJson/src/ArduinoJson/Document/JsonDocument.hpp:167:8: note: declared here
   bool containsKey(TChar* key) const {
        ^~~~~~~~~~~
src/interface/webserver.cpp:968:51: warning: 'bool ArduinoJson::V743PB22::JsonDocument::containsKey(TChar*) const [with TChar = const char]' is deprecated: use doc["key"].is<T>() instead [-Wdeprecated-declarations]
         if (doc.containsKey("waterOutRiseRateCMin")) {
                                                   ^
In file included from .pio/libdeps/esp32s3_n8r2/ArduinoJson/src/ArduinoJson.hpp:42,
                 from .pio/libdeps/esp32s3_n8r2/ArduinoJson/src/ArduinoJson.h:9,
                 from src/interface/../profiles.h:12,
                 from src/interface/webserver.cpp:39:
.pio/libdeps/esp32s3_n8r2/ArduinoJson/src/ArduinoJson/Document/JsonDocument.hpp:167:8: note: declared here
   bool containsKey(TChar* key) const {
        ^~~~~~~~~~~
src/interface/webserver.cpp:973:54: warning: 'bool ArduinoJson::V743PB22::JsonDocument::containsKey(TChar*) const [with TChar = const char]' is deprecated: use doc["key"].is<T>() instead [-Wdeprecated-declarations]
         if (doc.containsKey("pressureRiseRateMmHgMin")) {
                                                      ^
In file included from .pio/libdeps/esp32s3_n8r2/ArduinoJson/src/ArduinoJson.hpp:42,
                 from .pio/libdeps/esp32s3_n8r2/ArduinoJson/src/ArduinoJson.h:9,
                 from src/interface/../profiles.h:12,
                 from src/interface/webserver.cpp:39:
.pio/libdeps/esp32s3_n8r2/ArduinoJson/src/ArduinoJson/Document/JsonDocument.hpp:167:8: note: declared here
   bool containsKey(TChar* key) const {
        ^~~~~~~~~~~
src/interface/webserver.cpp: In lambda function:
src/interface/webserver.cpp:994:5: warning: 'template<unsigned int N> class ArduinoJson::V743PB22::StaticJsonDocument' is deprecated: use JsonDocument instead [-Wdeprecated-declarations]
     StaticJsonDocument<512> doc;
     ^~~~~~~~~~~~~~~~~~
In file included from .pio/libdeps/esp32s3_n8r2/ArduinoJson/src/ArduinoJson.hpp:65,
                 from .pio/libdeps/esp32s3_n8r2/ArduinoJson/src/ArduinoJson.h:9,
                 from src/interface/../profiles.h:12,
                 from src/interface/webserver.cpp:39:
.pio/libdeps/esp32s3_n8r2/ArduinoJson/src/ArduinoJson/compatibility.hpp:63:58: note: declared here
 class ARDUINOJSON_DEPRECATED("use JsonDocument instead") StaticJsonDocument
                                                          ^~~~~~~~~~~~~~~~~~
src/interface/webserver.cpp: In lambda function:
src/interface/webserver.cpp:1018:9: warning: 'template<unsigned int N> class ArduinoJson::V743PB22::StaticJsonDocument' is deprecated: use JsonDocument instead [-Wdeprecated-declarations]
         StaticJsonDocument<512> doc;
         ^~~~~~~~~~~~~~~~~~
In file included from .pio/libdeps/esp32s3_n8r2/ArduinoJson/src/ArduinoJson.hpp:65,
                 from .pio/libdeps/esp32s3_n8r2/ArduinoJson/src/ArduinoJson.h:9,
                 from src/interface/../profiles.h:12,
                 from src/interface/webserver.cpp:39:
.pio/libdeps/esp32s3_n8r2/ArduinoJson/src/ArduinoJson/compatibility.hpp:63:58: note: declared here
 class ARDUINOJSON_DEPRECATED("use JsonDocument instead") StaticJsonDocument
                                                          ^~~~~~~~~~~~~~~~~~
src/interface/webserver.cpp:1026:54: warning: 'bool ArduinoJson::V743PB22::JsonDocument::containsKey(TChar*) const [with TChar = const char]' is deprecated: use doc["key"].is<T>() instead [-Wdeprecated-declarations]
         const char* server = doc.containsKey("server")
                                                      ^
In file included from .pio/libdeps/esp32s3_n8r2/ArduinoJson/src/ArduinoJson.hpp:42,
                 from .pio/libdeps/esp32s3_n8r2/ArduinoJson/src/ArduinoJson.h:9,
                 from src/interface/../profiles.h:12,
                 from src/interface/webserver.cpp:39:
.pio/libdeps/esp32s3_n8r2/ArduinoJson/src/ArduinoJson/Document/JsonDocument.hpp:167:8: note: declared here
   bool containsKey(TChar* key) const {
        ^~~~~~~~~~~
src/interface/webserver.cpp:1029:47: warning: 'bool ArduinoJson::V743PB22::JsonDocument::containsKey(TChar*) const [with TChar = const char]' is deprecated: use doc["key"].is<T>() instead [-Wdeprecated-declarations]
         uint16_t port = doc.containsKey("port")
                                               ^
In file included from .pio/libdeps/esp32s3_n8r2/ArduinoJson/src/ArduinoJson.hpp:42,
                 from .pio/libdeps/esp32s3_n8r2/ArduinoJson/src/ArduinoJson.h:9,
                 from src/interface/../profiles.h:12,
                 from src/interface/webserver.cpp:39:
.pio/libdeps/esp32s3_n8r2/ArduinoJson/src/ArduinoJson/Document/JsonDocument.hpp:167:8: note: declared here
   bool containsKey(TChar* key) const {
        ^~~~~~~~~~~
src/interface/webserver.cpp:1032:58: warning: 'bool ArduinoJson::V743PB22::JsonDocument::containsKey(TChar*) const [with TChar = const char]' is deprecated: use doc["key"].is<T>() instead [-Wdeprecated-declarations]
         const char* username = doc.containsKey("username")
                                                          ^
In file included from .pio/libdeps/esp32s3_n8r2/ArduinoJson/src/ArduinoJson.hpp:42,
                 from .pio/libdeps/esp32s3_n8r2/ArduinoJson/src/ArduinoJson.h:9,
                 from src/interface/../profiles.h:12,
                 from src/interface/webserver.cpp:39:
.pio/libdeps/esp32s3_n8r2/ArduinoJson/src/ArduinoJson/Document/JsonDocument.hpp:167:8: note: declared here
   bool containsKey(TChar* key) const {
        ^~~~~~~~~~~
src/interface/webserver.cpp:1035:58: warning: 'bool ArduinoJson::V743PB22::JsonDocument::containsKey(TChar*) const [with TChar = const char]' is deprecated: use doc["key"].is<T>() instead [-Wdeprecated-declarations]
         const char* password = doc.containsKey("password")
                                                          ^
In file included from .pio/libdeps/esp32s3_n8r2/ArduinoJson/src/ArduinoJson.hpp:42,
                 from .pio/libdeps/esp32s3_n8r2/ArduinoJson/src/ArduinoJson.h:9,
                 from src/interface/../profiles.h:12,
                 from src/interface/webserver.cpp:39:
.pio/libdeps/esp32s3_n8r2/ArduinoJson/src/ArduinoJson/Document/JsonDocument.hpp:167:8: note: declared here
   bool containsKey(TChar* key) const {
        ^~~~~~~~~~~
src/interface/webserver.cpp:1038:60: warning: 'bool ArduinoJson::V743PB22::JsonDocument::containsKey(TChar*) const [with TChar = const char]' is deprecated: use doc["key"].is<T>() instead [-Wdeprecated-declarations]
         const char* baseTopic = doc.containsKey("baseTopic")
                                                            ^
In file included from .pio/libdeps/esp32s3_n8r2/ArduinoJson/src/ArduinoJson.hpp:42,
                 from .pio/libdeps/esp32s3_n8r2/ArduinoJson/src/ArduinoJson.h:9,
                 from src/interface/../profiles.h:12,
                 from src/interface/webserver.cpp:39:
.pio/libdeps/esp32s3_n8r2/ArduinoJson/src/ArduinoJson/Document/JsonDocument.hpp:167:8: note: declared here
   bool containsKey(TChar* key) const {
        ^~~~~~~~~~~
src/interface/webserver.cpp:1041:69: warning: 'bool ArduinoJson::V743PB22::JsonDocument::containsKey(TChar*) const [with TChar = const char]' is deprecated: use doc["key"].is<T>() instead [-Wdeprecated-declarations]
         uint32_t publishInterval = doc.containsKey("publishInterval")
                                                                     ^
In file included from .pio/libdeps/esp32s3_n8r2/ArduinoJson/src/ArduinoJson.hpp:42,
                 from .pio/libdeps/esp32s3_n8r2/ArduinoJson/src/ArduinoJson.h:9,
                 from src/interface/../profiles.h:12,
                 from src/interface/webserver.cpp:39:
.pio/libdeps/esp32s3_n8r2/ArduinoJson/src/ArduinoJson/Document/JsonDocument.hpp:167:8: note: declared here
   bool containsKey(TChar* key) const {
        ^~~~~~~~~~~
src/interface/webserver.cpp: In lambda function:
src/interface/webserver.cpp:1106:9: warning: 'template<unsigned int N> class ArduinoJson::V743PB22::StaticJsonDocument' is deprecated: use JsonDocument instead [-Wdeprecated-declarations]
         StaticJsonDocument<256> doc;
         ^~~~~~~~~~~~~~~~~~
In file included from .pio/libdeps/esp32s3_n8r2/ArduinoJson/src/ArduinoJson.hpp:65,
                 from .pio/libdeps/esp32s3_n8r2/ArduinoJson/src/ArduinoJson.h:9,
                 from src/interface/../profiles.h:12,
                 from src/interface/webserver.cpp:39:
.pio/libdeps/esp32s3_n8r2/ArduinoJson/src/ArduinoJson/compatibility.hpp:63:58: note: declared here
 class ARDUINOJSON_DEPRECATED("use JsonDocument instead") StaticJsonDocument
                                                          ^~~~~~~~~~~~~~~~~~
src/interface/webserver.cpp: In lambda function:
src/interface/webserver.cpp:1142:5: warning: 'template<unsigned int N> class ArduinoJson::V743PB22::StaticJsonDocument' is deprecated: use JsonDocument instead [-Wdeprecated-declarations]
     StaticJsonDocument<384> doc;
     ^~~~~~~~~~~~~~~~~~
In file included from .pio/libdeps/esp32s3_n8r2/ArduinoJson/src/ArduinoJson.hpp:65,
                 from .pio/libdeps/esp32s3_n8r2/ArduinoJson/src/ArduinoJson.h:9,
                 from src/interface/../profiles.h:12,
                 from src/interface/webserver.cpp:39:
.pio/libdeps/esp32s3_n8r2/ArduinoJson/src/ArduinoJson/compatibility.hpp:63:58: note: declared here
 class ARDUINOJSON_DEPRECATED("use JsonDocument instead") StaticJsonDocument
                                                          ^~~~~~~~~~~~~~~~~~
src/interface/webserver.cpp: In lambda function:
src/interface/webserver.cpp:1163:9: warning: 'template<unsigned int N> class ArduinoJson::V743PB22::StaticJsonDocument' is deprecated: use JsonDocument instead [-Wdeprecated-declarations]
         StaticJsonDocument<384> doc;
         ^~~~~~~~~~~~~~~~~~
In file included from .pio/libdeps/esp32s3_n8r2/ArduinoJson/src/ArduinoJson.hpp:65,
                 from .pio/libdeps/esp32s3_n8r2/ArduinoJson/src/ArduinoJson.h:9,
                 from src/interface/../profiles.h:12,
                 from src/interface/webserver.cpp:39:
.pio/libdeps/esp32s3_n8r2/ArduinoJson/src/ArduinoJson/compatibility.hpp:63:58: note: declared here
 class ARDUINOJSON_DEPRECATED("use JsonDocument instead") StaticJsonDocument
                                                          ^~~~~~~~~~~~~~~~~~
src/interface/webserver.cpp:1171:52: warning: 'bool ArduinoJson::V743PB22::JsonDocument::containsKey(TChar*) const [with TChar = const char]' is deprecated: use doc["key"].is<T>() instead [-Wdeprecated-declarations]
         const char* token = doc.containsKey("token")
                                                    ^
In file included from .pio/libdeps/esp32s3_n8r2/ArduinoJson/src/ArduinoJson.hpp:42,
                 from .pio/libdeps/esp32s3_n8r2/ArduinoJson/src/ArduinoJson.h:9,
                 from src/interface/../profiles.h:12,
                 from src/interface/webserver.cpp:39:
.pio/libdeps/esp32s3_n8r2/ArduinoJson/src/ArduinoJson/Document/JsonDocument.hpp:167:8: note: declared here
   bool containsKey(TChar* key) const {
        ^~~~~~~~~~~
src/interface/webserver.cpp:1174:54: warning: 'bool ArduinoJson::V743PB22::JsonDocument::containsKey(TChar*) const [with TChar = const char]' is deprecated: use doc["key"].is<T>() instead [-Wdeprecated-declarations]
         const char* chatId = doc.containsKey("chatId")
                                                      ^
In file included from .pio/libdeps/esp32s3_n8r2/ArduinoJson/src/ArduinoJson.hpp:42,
                 from .pio/libdeps/esp32s3_n8r2/ArduinoJson/src/ArduinoJson.h:9,
                 from src/interface/../profiles.h:12,
                 from src/interface/webserver.cpp:39:
.pio/libdeps/esp32s3_n8r2/ArduinoJson/src/ArduinoJson/Document/JsonDocument.hpp:167:8: note: declared here
   bool containsKey(TChar* key) const {
        ^~~~~~~~~~~
src/interface/webserver.cpp: In lambda function:
src/interface/webserver.cpp:1208:9: warning: 'template<unsigned int N> class ArduinoJson::V743PB22::StaticJsonDocument' is deprecated: use JsonDocument instead [-Wdeprecated-declarations]
         StaticJsonDocument<256> doc;
         ^~~~~~~~~~~~~~~~~~
In file included from .pio/libdeps/esp32s3_n8r2/ArduinoJson/src/ArduinoJson.hpp:65,
                 from .pio/libdeps/esp32s3_n8r2/ArduinoJson/src/ArduinoJson.h:9,
                 from src/interface/../profiles.h:12,
                 from src/interface/webserver.cpp:39:
.pio/libdeps/esp32s3_n8r2/ArduinoJson/src/ArduinoJson/compatibility.hpp:63:58: note: declared here
 class ARDUINOJSON_DEPRECATED("use JsonDocument instead") StaticJsonDocument
                                                          ^~~~~~~~~~~~~~~~~~
src/interface/webserver.cpp: In lambda function:
src/interface/webserver.cpp:1233:5: warning: 'template<unsigned int N> class ArduinoJson::V743PB22::StaticJsonDocument' is deprecated: use JsonDocument instead [-Wdeprecated-declarations]
     StaticJsonDocument<384> doc;
     ^~~~~~~~~~~~~~~~~~
In file included from .pio/libdeps/esp32s3_n8r2/ArduinoJson/src/ArduinoJson.hpp:65,
                 from .pio/libdeps/esp32s3_n8r2/ArduinoJson/src/ArduinoJson.h:9,
                 from src/interface/../profiles.h:12,
                 from src/interface/webserver.cpp:39:
.pio/libdeps/esp32s3_n8r2/ArduinoJson/src/ArduinoJson/compatibility.hpp:63:58: note: declared here
 class ARDUINOJSON_DEPRECATED("use JsonDocument instead") StaticJsonDocument
                                                          ^~~~~~~~~~~~~~~~~~
src/interface/webserver.cpp: In lambda function:
src/interface/webserver.cpp:1260:9: warning: 'template<unsigned int N> class ArduinoJson::V743PB22::StaticJsonDocument' is deprecated: use JsonDocument instead [-Wdeprecated-declarations]
         StaticJsonDocument<640> doc;
         ^~~~~~~~~~~~~~~~~~
In file included from .pio/libdeps/esp32s3_n8r2/ArduinoJson/src/ArduinoJson.hpp:65,
                 from .pio/libdeps/esp32s3_n8r2/ArduinoJson/src/ArduinoJson.h:9,
                 from src/interface/../profiles.h:12,
                 from src/interface/webserver.cpp:39:
.pio/libdeps/esp32s3_n8r2/ArduinoJson/src/ArduinoJson/compatibility.hpp:63:58: note: declared here
 class ARDUINOJSON_DEPRECATED("use JsonDocument instead") StaticJsonDocument
                                                          ^~~~~~~~~~~~~~~~~~
src/interface/webserver.cpp:1275:43: warning: 'bool ArduinoJson::V743PB22::JsonObject::containsKey(const TString&) const [with TString = char [10]; typename ArduinoJson::V743PB22::detail::enable_if<ArduinoJson::V743PB22::detail::IsString<TString>::value, int>::type <anonymous> = 0]' is deprecated: use obj[key].is<T>() instead [-Wdeprecated-declarations]
         if (params.containsKey("feedstock")) {
                                           ^
In file included from .pio/libdeps/esp32s3_n8r2/ArduinoJson/src/ArduinoJson.hpp:39,
                 from .pio/libdeps/esp32s3_n8r2/ArduinoJson/src/ArduinoJson.h:9,
                 from src/interface/../profiles.h:12,
                 from src/interface/webserver.cpp:39:
.pio/libdeps/esp32s3_n8r2/ArduinoJson/src/ArduinoJson/Object/JsonObject.hpp:168:8: note: declared here
   bool containsKey(const TString& key) const {
        ^~~~~~~~~~~
src/interface/webserver.cpp:1289:45: warning: 'bool ArduinoJson::V743PB22::JsonObject::containsKey(const TString&) const [with TString = char [12]; typename ArduinoJson::V743PB22::detail::enable_if<ArduinoJson::V743PB22::detail::IsString<TString>::value, int>::type <anonymous> = 0]' is deprecated: use obj[key].is<T>() instead [-Wdeprecated-declarations]
         if (params.containsKey("feedVolumeL")) {
                                             ^
In file included from .pio/libdeps/esp32s3_n8r2/ArduinoJson/src/ArduinoJson.hpp:39,
                 from .pio/libdeps/esp32s3_n8r2/ArduinoJson/src/ArduinoJson.h:9,
                 from src/interface/../profiles.h:12,
                 from src/interface/webserver.cpp:39:
.pio/libdeps/esp32s3_n8r2/ArduinoJson/src/ArduinoJson/Object/JsonObject.hpp:168:8: note: declared here
   bool containsKey(const TString& key) const {
        ^~~~~~~~~~~
src/interface/webserver.cpp:1293:48: warning: 'bool ArduinoJson::V743PB22::JsonObject::containsKey(const TString&) const [with TString = char [15]; typename ArduinoJson::V743PB22::detail::enable_if<ArduinoJson::V743PB22::detail::IsString<TString>::value, int>::type <anonymous> = 0]' is deprecated: use obj[key].is<T>() instead [-Wdeprecated-declarations]
         if (params.containsKey("feedAbvPercent")) {
                                                ^
In file included from .pio/libdeps/esp32s3_n8r2/ArduinoJson/src/ArduinoJson.hpp:39,
                 from .pio/libdeps/esp32s3_n8r2/ArduinoJson/src/ArduinoJson.h:9,
                 from src/interface/../profiles.h:12,
                 from src/interface/webserver.cpp:39:
.pio/libdeps/esp32s3_n8r2/ArduinoJson/src/ArduinoJson/Object/JsonObject.hpp:168:8: note: declared here
   bool containsKey(const TString& key) const {
        ^~~~~~~~~~~
src/interface/webserver.cpp:1297:46: warning: 'bool ArduinoJson::V743PB22::JsonObject::containsKey(const TString&) const [with TString = char [13]; typename ArduinoJson::V743PB22::detail::enable_if<ArduinoJson::V743PB22::detail::IsString<TString>::value, int>::type <anonymous> = 0]' is deprecated: use obj[key].is<T>() instead [-Wdeprecated-declarations]
         if (params.containsKey("headsPercent")) {
                                              ^
In file included from .pio/libdeps/esp32s3_n8r2/ArduinoJson/src/ArduinoJson.hpp:39,
                 from .pio/libdeps/esp32s3_n8r2/ArduinoJson/src/ArduinoJson.h:9,
                 from src/interface/../profiles.h:12,
                 from src/interface/webserver.cpp:39:
.pio/libdeps/esp32s3_n8r2/ArduinoJson/src/ArduinoJson/Object/JsonObject.hpp:168:8: note: declared here
   bool containsKey(const TString& key) const {
        ^~~~~~~~~~~
src/interface/webserver.cpp:1302:45: warning: 'bool ArduinoJson::V743PB22::JsonObject::containsKey(const TString&) const [with TString = char [12]; typename ArduinoJson::V743PB22::detail::enable_if<ArduinoJson::V743PB22::detail::IsString<TString>::value, int>::type <anonymous> = 0]' is deprecated: use obj[key].is<T>() instead [-Wdeprecated-declarations]
         if (params.containsKey("bodyPercent")) {
                                             ^
In file included from .pio/libdeps/esp32s3_n8r2/ArduinoJson/src/ArduinoJson.hpp:39,
                 from .pio/libdeps/esp32s3_n8r2/ArduinoJson/src/ArduinoJson.h:9,
                 from src/interface/../profiles.h:12,
                 from src/interface/webserver.cpp:39:
.pio/libdeps/esp32s3_n8r2/ArduinoJson/src/ArduinoJson/Object/JsonObject.hpp:168:8: note: declared here
   bool containsKey(const TString& key) const {
        ^~~~~~~~~~~
src/interface/webserver.cpp:1307:46: warning: 'bool ArduinoJson::V743PB22::JsonObject::containsKey(const TString&) const [with TString = char [13]; typename ArduinoJson::V743PB22::detail::enable_if<ArduinoJson::V743PB22::detail::IsString<TString>::value, int>::type <anonymous> = 0]' is deprecated: use obj[key].is<T>() instead [-Wdeprecated-declarations]
         if (params.containsKey("tailsPercent")) {
                                              ^
In file included from .pio/libdeps/esp32s3_n8r2/ArduinoJson/src/ArduinoJson.hpp:39,
                 from .pio/libdeps/esp32s3_n8r2/ArduinoJson/src/ArduinoJson.h:9,
                 from src/interface/../profiles.h:12,
                 from src/interface/webserver.cpp:39:
.pio/libdeps/esp32s3_n8r2/ArduinoJson/src/ArduinoJson/Object/JsonObject.hpp:168:8: note: declared here
   bool containsKey(const TString& key) const {
        ^~~~~~~~~~~
src/interface/webserver.cpp:1312:49: warning: 'bool ArduinoJson::V743PB22::JsonObject::containsKey(const TString&) const [with TString = char [16]; typename ArduinoJson::V743PB22::detail::enable_if<ArduinoJson::V743PB22::detail::IsString<TString>::value, int>::type <anonymous> = 0]' is deprecated: use obj[key].is<T>() instead [-Wdeprecated-declarations]
         if (params.containsKey("headsSpeedMlHKw")) {
                                                 ^
In file included from .pio/libdeps/esp32s3_n8r2/ArduinoJson/src/ArduinoJson.hpp:39,
                 from .pio/libdeps/esp32s3_n8r2/ArduinoJson/src/ArduinoJson.h:9,
                 from src/interface/../profiles.h:12,
                 from src/interface/webserver.cpp:39:
.pio/libdeps/esp32s3_n8r2/ArduinoJson/src/ArduinoJson/Object/JsonObject.hpp:168:8: note: declared here
   bool containsKey(const TString& key) const {
        ^~~~~~~~~~~
src/interface/webserver.cpp:1316:48: warning: 'bool ArduinoJson::V743PB22::JsonObject::containsKey(const TString&) const [with TString = char [15]; typename ArduinoJson::V743PB22::detail::enable_if<ArduinoJson::V743PB22::detail::IsString<TString>::value, int>::type <anonymous> = 0]' is deprecated: use obj[key].is<T>() instead [-Wdeprecated-declarations]
         if (params.containsKey("bodySpeedMlHKw")) {
                                                ^
In file included from .pio/libdeps/esp32s3_n8r2/ArduinoJson/src/ArduinoJson.hpp:39,
                 from .pio/libdeps/esp32s3_n8r2/ArduinoJson/src/ArduinoJson.h:9,
                 from src/interface/../profiles.h:12,
                 from src/interface/webserver.cpp:39:
.pio/libdeps/esp32s3_n8r2/ArduinoJson/src/ArduinoJson/Object/JsonObject.hpp:168:8: note: declared here
   bool containsKey(const TString& key) const {
        ^~~~~~~~~~~
src/interface/webserver.cpp:1320:50: warning: 'bool ArduinoJson::V743PB22::JsonObject::containsKey(const TString&) const [with TString = char [17]; typename ArduinoJson::V743PB22::detail::enable_if<ArduinoJson::V743PB22::detail::IsString<TString>::value, int>::type <anonymous> = 0]' is deprecated: use obj[key].is<T>() instead [-Wdeprecated-declarations]
         if (params.containsKey("stabilizationMin")) {
                                                  ^
In file included from .pio/libdeps/esp32s3_n8r2/ArduinoJson/src/ArduinoJson.hpp:39,
                 from .pio/libdeps/esp32s3_n8r2/ArduinoJson/src/ArduinoJson.h:9,
                 from src/interface/../profiles.h:12,
                 from src/interface/webserver.cpp:39:
.pio/libdeps/esp32s3_n8r2/ArduinoJson/src/ArduinoJson/Object/JsonObject.hpp:168:8: note: declared here
   bool containsKey(const TString& key) const {
        ^~~~~~~~~~~
src/interface/webserver.cpp:1324:42: warning: 'bool ArduinoJson::V743PB22::JsonObject::containsKey(const TString&) const [with TString = char [9]; typename ArduinoJson::V743PB22::detail::enable_if<ArduinoJson::V743PB22::detail::IsString<TString>::value, int>::type <anonymous> = 0]' is deprecated: use obj[key].is<T>() instead [-Wdeprecated-declarations]
         if (params.containsKey("purgeMin")) {
                                          ^
In file included from .pio/libdeps/esp32s3_n8r2/ArduinoJson/src/ArduinoJson.hpp:39,
                 from .pio/libdeps/esp32s3_n8r2/ArduinoJson/src/ArduinoJson.h:9,
                 from src/interface/../profiles.h:12,
                 from src/interface/webserver.cpp:39:
.pio/libdeps/esp32s3_n8r2/ArduinoJson/src/ArduinoJson/Object/JsonObject.hpp:168:8: note: declared here
   bool containsKey(const TString& key) const {
        ^~~~~~~~~~~
src/interface/webserver.cpp:1340:9: warning: 'template<unsigned int N> class ArduinoJson::V743PB22::StaticJsonDocument' is deprecated: use JsonDocument instead [-Wdeprecated-declarations]
         StaticJsonDocument<448> out;
         ^~~~~~~~~~~~~~~~~~
In file included from .pio/libdeps/esp32s3_n8r2/ArduinoJson/src/ArduinoJson.hpp:65,
                 from .pio/libdeps/esp32s3_n8r2/ArduinoJson/src/ArduinoJson.h:9,
                 from src/interface/../profiles.h:12,
                 from src/interface/webserver.cpp:39:
.pio/libdeps/esp32s3_n8r2/ArduinoJson/src/ArduinoJson/compatibility.hpp:63:58: note: declared here
 class ARDUINOJSON_DEPRECATED("use JsonDocument instead") StaticJsonDocument
                                                          ^~~~~~~~~~~~~~~~~~
src/interface/webserver.cpp: In lambda function:
src/interface/webserver.cpp:1366:9: warning: 'template<unsigned int N> class ArduinoJson::V743PB22::StaticJsonDocument' is deprecated: use JsonDocument instead [-Wdeprecated-declarations]
         StaticJsonDocument<128> doc;
         ^~~~~~~~~~~~~~~~~~
In file included from .pio/libdeps/esp32s3_n8r2/ArduinoJson/src/ArduinoJson.hpp:65,
                 from .pio/libdeps/esp32s3_n8r2/ArduinoJson/src/ArduinoJson.h:9,
                 from src/interface/../profiles.h:12,
                 from src/interface/webserver.cpp:39:
.pio/libdeps/esp32s3_n8r2/ArduinoJson/src/ArduinoJson/compatibility.hpp:63:58: note: declared here
 class ARDUINOJSON_DEPRECATED("use JsonDocument instead") StaticJsonDocument
                                                          ^~~~~~~~~~~~~~~~~~
src/interface/webserver.cpp: In lambda function:
src/interface/webserver.cpp:1391:9: warning: 'template<unsigned int N> class ArduinoJson::V743PB22::StaticJsonDocument' is deprecated: use JsonDocument instead [-Wdeprecated-declarations]
         StaticJsonDocument<128> doc;
         ^~~~~~~~~~~~~~~~~~
In file included from .pio/libdeps/esp32s3_n8r2/ArduinoJson/src/ArduinoJson.hpp:65,
                 from .pio/libdeps/esp32s3_n8r2/ArduinoJson/src/ArduinoJson.h:9,
                 from src/interface/../profiles.h:12,
                 from src/interface/webserver.cpp:39:
.pio/libdeps/esp32s3_n8r2/ArduinoJson/src/ArduinoJson/compatibility.hpp:63:58: note: declared here
 class ARDUINOJSON_DEPRECATED("use JsonDocument instead") StaticJsonDocument
                                                          ^~~~~~~~~~~~~~~~~~
src/interface/webserver.cpp: In lambda function:
src/interface/webserver.cpp:1414:9: warning: 'template<unsigned int N> class ArduinoJson::V743PB22::StaticJsonDocument' is deprecated: use JsonDocument instead [-Wdeprecated-declarations]
         StaticJsonDocument<128> doc;
         ^~~~~~~~~~~~~~~~~~
In file included from .pio/libdeps/esp32s3_n8r2/ArduinoJson/src/ArduinoJson.hpp:65,
                 from .pio/libdeps/esp32s3_n8r2/ArduinoJson/src/ArduinoJson.h:9,
                 from src/interface/../profiles.h:12,
                 from src/interface/webserver.cpp:39:
.pio/libdeps/esp32s3_n8r2/ArduinoJson/src/ArduinoJson/compatibility.hpp:63:58: note: declared here
 class ARDUINOJSON_DEPRECATED("use JsonDocument instead") StaticJsonDocument
                                                          ^~~~~~~~~~~~~~~~~~
src/interface/webserver.cpp: In lambda function:
src/interface/webserver.cpp:1444:9: warning: 'template<unsigned int N> class ArduinoJson::V743PB22::StaticJsonDocument' is deprecated: use JsonDocument instead [-Wdeprecated-declarations]
         StaticJsonDocument<192> doc;
         ^~~~~~~~~~~~~~~~~~
In file included from .pio/libdeps/esp32s3_n8r2/ArduinoJson/src/ArduinoJson.hpp:65,
                 from .pio/libdeps/esp32s3_n8r2/ArduinoJson/src/ArduinoJson.h:9,
                 from src/interface/../profiles.h:12,
                 from src/interface/webserver.cpp:39:
.pio/libdeps/esp32s3_n8r2/ArduinoJson/src/ArduinoJson/compatibility.hpp:63:58: note: declared here
 class ARDUINOJSON_DEPRECATED("use JsonDocument instead") StaticJsonDocument
                                                          ^~~~~~~~~~~~~~~~~~
src/interface/webserver.cpp:1457:36: warning: 'bool ArduinoJson::V743PB22::JsonDocument::containsKey(TChar*) const [with TChar = const char]' is deprecated: use doc["key"].is<T>() instead [-Wdeprecated-declarations]
         if (doc.containsKey("water")) {
                                    ^
In file included from .pio/libdeps/esp32s3_n8r2/ArduinoJson/src/ArduinoJson.hpp:42,
                 from .pio/libdeps/esp32s3_n8r2/ArduinoJson/src/ArduinoJson.h:9,
                 from src/interface/../profiles.h:12,
                 from src/interface/webserver.cpp:39:
.pio/libdeps/esp32s3_n8r2/ArduinoJson/src/ArduinoJson/Document/JsonDocument.hpp:167:8: note: declared here
   bool containsKey(TChar* key) const {
        ^~~~~~~~~~~
src/interface/webserver.cpp:1460:36: warning: 'bool ArduinoJson::V743PB22::JsonDocument::containsKey(TChar*) const [with TChar = const char]' is deprecated: use doc["key"].is<T>() instead [-Wdeprecated-declarations]
         if (doc.containsKey("heads")) {
                                    ^
In file included from .pio/libdeps/esp32s3_n8r2/ArduinoJson/src/ArduinoJson.hpp:42,
                 from .pio/libdeps/esp32s3_n8r2/ArduinoJson/src/ArduinoJson.h:9,
                 from src/interface/../profiles.h:12,
                 from src/interface/webserver.cpp:39:
.pio/libdeps/esp32s3_n8r2/ArduinoJson/src/ArduinoJson/Document/JsonDocument.hpp:167:8: note: declared here
   bool containsKey(TChar* key) const {
        ^~~~~~~~~~~
src/interface/webserver.cpp:1463:34: warning: 'bool ArduinoJson::V743PB22::JsonDocument::containsKey(TChar*) const [with TChar = const char]' is deprecated: use doc["key"].is<T>() instead [-Wdeprecated-declarations]
         if (doc.containsKey("uno")) {
                                  ^
In file included from .pio/libdeps/esp32s3_n8r2/ArduinoJson/src/ArduinoJson.hpp:42,
                 from .pio/libdeps/esp32s3_n8r2/ArduinoJson/src/ArduinoJson.h:9,
                 from src/interface/../profiles.h:12,
                 from src/interface/webserver.cpp:39:
.pio/libdeps/esp32s3_n8r2/ArduinoJson/src/ArduinoJson/Document/JsonDocument.hpp:167:8: note: declared here
   bool containsKey(TChar* key) const {
        ^~~~~~~~~~~
src/interface/webserver.cpp: In lambda function:
src/interface/webserver.cpp:1479:9: warning: 'template<unsigned int N> class ArduinoJson::V743PB22::StaticJsonDocument' is deprecated: use JsonDocument instead [-Wdeprecated-declarations]
         StaticJsonDocument<128> doc;
         ^~~~~~~~~~~~~~~~~~
In file included from .pio/libdeps/esp32s3_n8r2/ArduinoJson/src/ArduinoJson.hpp:65,
                 from .pio/libdeps/esp32s3_n8r2/ArduinoJson/src/ArduinoJson.h:9,
                 from src/interface/../profiles.h:12,
                 from src/interface/webserver.cpp:39:
.pio/libdeps/esp32s3_n8r2/ArduinoJson/src/ArduinoJson/compatibility.hpp:63:58: note: declared here
 class ARDUINOJSON_DEPRECATED("use JsonDocument instead") StaticJsonDocument
                                                          ^~~~~~~~~~~~~~~~~~
src/interface/webserver.cpp:1490:37: warning: 'bool ArduinoJson::V743PB22::JsonDocument::containsKey(TChar*) const [with TChar = const char]' is deprecated: use doc["key"].is<T>() instead [-Wdeprecated-declarations]
         if (!doc.containsKey("phase")) {
                                     ^
In file included from .pio/libdeps/esp32s3_n8r2/ArduinoJson/src/ArduinoJson.hpp:42,
                 from .pio/libdeps/esp32s3_n8r2/ArduinoJson/src/ArduinoJson.h:9,
                 from src/interface/../profiles.h:12,
                 from src/interface/webserver.cpp:39:
.pio/libdeps/esp32s3_n8r2/ArduinoJson/src/ArduinoJson/Document/JsonDocument.hpp:167:8: note: declared here
   bool containsKey(TChar* key) const {
        ^~~~~~~~~~~
src/interface/webserver.cpp: In lambda function:
src/interface/webserver.cpp:1513:9: warning: 'template<unsigned int N> class ArduinoJson::V743PB22::StaticJsonDocument' is deprecated: use JsonDocument instead [-Wdeprecated-declarations]
         StaticJsonDocument<192> doc;
         ^~~~~~~~~~~~~~~~~~
In file included from .pio/libdeps/esp32s3_n8r2/ArduinoJson/src/ArduinoJson.hpp:65,
                 from .pio/libdeps/esp32s3_n8r2/ArduinoJson/src/ArduinoJson.h:9,
                 from src/interface/../profiles.h:12,
                 from src/interface/webserver.cpp:39:
.pio/libdeps/esp32s3_n8r2/ArduinoJson/src/ArduinoJson/compatibility.hpp:63:58: note: declared here
 class ARDUINOJSON_DEPRECATED("use JsonDocument instead") StaticJsonDocument
                                                          ^~~~~~~~~~~~~~~~~~
src/interface/webserver.cpp:1520:36: warning: 'bool ArduinoJson::V743PB22::JsonDocument::containsKey(TChar*) const [with TChar = const char]' is deprecated: use doc["key"].is<T>() instead [-Wdeprecated-declarations]
         if (doc.containsKey("heads")) {
                                    ^
In file included from .pio/libdeps/esp32s3_n8r2/ArduinoJson/src/ArduinoJson.hpp:42,
                 from .pio/libdeps/esp32s3_n8r2/ArduinoJson/src/ArduinoJson.h:9,
                 from src/interface/../profiles.h:12,
                 from src/interface/webserver.cpp:39:
.pio/libdeps/esp32s3_n8r2/ArduinoJson/src/ArduinoJson/Document/JsonDocument.hpp:167:8: note: declared here
   bool containsKey(TChar* key) const {
        ^~~~~~~~~~~
src/interface/webserver.cpp:1525:35: warning: 'bool ArduinoJson::V743PB22::JsonDocument::containsKey(TChar*) const [with TChar = const char]' is deprecated: use doc["key"].is<T>() instead [-Wdeprecated-declarations]
         if (doc.containsKey("body")) {
                                   ^
In file included from .pio/libdeps/esp32s3_n8r2/ArduinoJson/src/ArduinoJson.hpp:42,
                 from .pio/libdeps/esp32s3_n8r2/ArduinoJson/src/ArduinoJson.h:9,
                 from src/interface/../profiles.h:12,
                 from src/interface/webserver.cpp:39:
.pio/libdeps/esp32s3_n8r2/ArduinoJson/src/ArduinoJson/Document/JsonDocument.hpp:167:8: note: declared here
   bool containsKey(TChar* key) const {
        ^~~~~~~~~~~
src/interface/webserver.cpp:1530:36: warning: 'bool ArduinoJson::V743PB22::JsonDocument::containsKey(TChar*) const [with TChar = const char]' is deprecated: use doc["key"].is<T>() instead [-Wdeprecated-declarations]
         if (doc.containsKey("tails")) {
                                    ^
In file included from .pio/libdeps/esp32s3_n8r2/ArduinoJson/src/ArduinoJson.hpp:42,
                 from .pio/libdeps/esp32s3_n8r2/ArduinoJson/src/ArduinoJson.h:9,
                 from src/interface/../profiles.h:12,
                 from src/interface/webserver.cpp:39:
.pio/libdeps/esp32s3_n8r2/ArduinoJson/src/ArduinoJson/Document/JsonDocument.hpp:167:8: note: declared here
   bool containsKey(TChar* key) const {
        ^~~~~~~~~~~
src/interface/webserver.cpp:1548:9: warning: 'template<unsigned int N> class ArduinoJson::V743PB22::StaticJsonDocument' is deprecated: use JsonDocument instead [-Wdeprecated-declarations]
         StaticJsonDocument<192> out;
         ^~~~~~~~~~~~~~~~~~
In file included from .pio/libdeps/esp32s3_n8r2/ArduinoJson/src/ArduinoJson.hpp:65,
                 from .pio/libdeps/esp32s3_n8r2/ArduinoJson/src/ArduinoJson.h:9,
                 from src/interface/../profiles.h:12,
                 from src/interface/webserver.cpp:39:
.pio/libdeps/esp32s3_n8r2/ArduinoJson/src/ArduinoJson/compatibility.hpp:63:58: note: declared here
 class ARDUINOJSON_DEPRECATED("use JsonDocument instead") StaticJsonDocument
                                                          ^~~~~~~~~~~~~~~~~~
src/interface/webserver.cpp: In lambda function:
src/interface/webserver.cpp:1569:9: warning: 'template<unsigned int N> class ArduinoJson::V743PB22::StaticJsonDocument' is deprecated: use JsonDocument instead [-Wdeprecated-declarations]
         StaticJsonDocument<128> doc;
         ^~~~~~~~~~~~~~~~~~
In file included from .pio/libdeps/esp32s3_n8r2/ArduinoJson/src/ArduinoJson.hpp:65,
                 from .pio/libdeps/esp32s3_n8r2/ArduinoJson/src/ArduinoJson.h:9,
                 from src/interface/../profiles.h:12,
                 from src/interface/webserver.cpp:39:
.pio/libdeps/esp32s3_n8r2/ArduinoJson/src/ArduinoJson/compatibility.hpp:63:58: note: declared here
 class ARDUINOJSON_DEPRECATED("use JsonDocument instead") StaticJsonDocument
                                                          ^~~~~~~~~~~~~~~~~~
src/interface/webserver.cpp: In lambda function:
src/interface/webserver.cpp:1625:5: warning: 'template<unsigned int N> class ArduinoJson::V743PB22::StaticJsonDocument' is deprecated: use JsonDocument instead [-Wdeprecated-declarations]
     StaticJsonDocument<1024> doc;
     ^~~~~~~~~~~~~~~~~~
In file included from .pio/libdeps/esp32s3_n8r2/ArduinoJson/src/ArduinoJson.hpp:65,
                 from .pio/libdeps/esp32s3_n8r2/ArduinoJson/src/ArduinoJson.h:9,
                 from src/interface/../profiles.h:12,
                 from src/interface/webserver.cpp:39:
.pio/libdeps/esp32s3_n8r2/ArduinoJson/src/ArduinoJson/compatibility.hpp:63:58: note: declared here
 class ARDUINOJSON_DEPRECATED("use JsonDocument instead") StaticJsonDocument
                                                          ^~~~~~~~~~~~~~~~~~
src/interface/webserver.cpp:1628:52: warning: 'ArduinoJson::V743PB22::JsonObject ArduinoJson::V743PB22::JsonDocument::createNestedObject(TChar*) [with TChar = const char]' is deprecated: use doc[key].to<JsonObject>() instead [-Wdeprecated-declarations]
     JsonObject pump = doc.createNestedObject("pump");
                                                    ^
In file included from .pio/libdeps/esp32s3_n8r2/ArduinoJson/src/ArduinoJson.hpp:42,
                 from .pio/libdeps/esp32s3_n8r2/ArduinoJson/src/ArduinoJson.h:9,
                 from src/interface/../profiles.h:12,
                 from src/interface/webserver.cpp:39:
.pio/libdeps/esp32s3_n8r2/ArduinoJson/src/ArduinoJson/Document/JsonDocument.hpp:376:14: note: declared here
   JsonObject createNestedObject(TChar* key) {
              ^~~~~~~~~~~~~~~~~~
src/interface/webserver.cpp:1634:59: warning: 'ArduinoJson::V743PB22::JsonArray ArduinoJson::V743PB22::JsonDocument::createNestedArray(TChar*) [with TChar = const char]' is deprecated: use doc[key].to<JsonArray>() instead [-Wdeprecated-declarations]
     JsonArray temps = doc.createNestedArray("temperatures");
                                                           ^
In file included from .pio/libdeps/esp32s3_n8r2/ArduinoJson/src/ArduinoJson.hpp:42,
                 from .pio/libdeps/esp32s3_n8r2/ArduinoJson/src/ArduinoJson.h:9,
                 from src/interface/../profiles.h:12,
                 from src/interface/webserver.cpp:39:
.pio/libdeps/esp32s3_n8r2/ArduinoJson/src/ArduinoJson/Document/JsonDocument.hpp:356:13: note: declared here
   JsonArray createNestedArray(TChar* key) {
             ^~~~~~~~~~~~~~~~~
src/interface/webserver.cpp:1636:47: warning: 'ArduinoJson::V743PB22::JsonObject ArduinoJson::V743PB22::JsonArray::createNestedObject() const' is deprecated: use add<JsonObject>() instead [-Wdeprecated-declarations]
       JsonObject t = temps.createNestedObject();
                                               ^
In file included from .pio/libdeps/esp32s3_n8r2/ArduinoJson/src/ArduinoJson.hpp:65,
                 from .pio/libdeps/esp32s3_n8r2/ArduinoJson/src/ArduinoJson.h:9,
                 from src/interface/../profiles.h:12,
                 from src/interface/webserver.cpp:39:
.pio/libdeps/esp32s3_n8r2/ArduinoJson/src/ArduinoJson/compatibility.hpp:140:19: note: declared here
 inline JsonObject JsonArray::createNestedObject() const {
                   ^~~~~~~~~
src/interface/webserver.cpp:1684:59: warning: 'ArduinoJson::V743PB22::JsonObject ArduinoJson::V743PB22::JsonDocument::createNestedObject(TChar*) [with TChar = const char]' is deprecated: use doc[key].to<JsonObject>() instead [-Wdeprecated-declarations]
     JsonObject hydro = doc.createNestedObject("hydrometer");
                                                           ^
In file included from .pio/libdeps/esp32s3_n8r2/ArduinoJson/src/ArduinoJson.hpp:42,
                 from .pio/libdeps/esp32s3_n8r2/ArduinoJson/src/ArduinoJson.h:9,
                 from src/interface/../profiles.h:12,
                 from src/interface/webserver.cpp:39:
.pio/libdeps/esp32s3_n8r2/ArduinoJson/src/ArduinoJson/Document/JsonDocument.hpp:376:14: note: declared here
   JsonObject createNestedObject(TChar* key) {
              ^~~~~~~~~~~~~~~~~~
src/interface/webserver.cpp:1686:62: warning: 'ArduinoJson::V743PB22::JsonArray ArduinoJson::V743PB22::JsonObject::createNestedArray(TChar*) const [with TChar = const char]' is deprecated: use obj[key].to<JsonArray>() instead [-Wdeprecated-declarations]
     JsonArray abvPoints = hydro.createNestedArray("abvPoints");
                                                              ^
In file included from .pio/libdeps/esp32s3_n8r2/ArduinoJson/src/ArduinoJson.hpp:39,
                 from .pio/libdeps/esp32s3_n8r2/ArduinoJson/src/ArduinoJson.h:9,
                 from src/interface/../profiles.h:12,
                 from src/interface/webserver.cpp:39:
.pio/libdeps/esp32s3_n8r2/ArduinoJson/src/ArduinoJson/Object/JsonObject.hpp:197:13: note: declared here
   JsonArray createNestedArray(TChar* key) const {
             ^~~~~~~~~~~~~~~~~
src/interface/webserver.cpp:1687:72: warning: 'ArduinoJson::V743PB22::JsonArray ArduinoJson::V743PB22::JsonObject::createNestedArray(TChar*) const [with TChar = const char]' is deprecated: use obj[key].to<JsonArray>() instead [-Wdeprecated-declarations]
     JsonArray pressurePoints = hydro.createNestedArray("pressurePoints");
                                                                        ^
In file included from .pio/libdeps/esp32s3_n8r2/ArduinoJson/src/ArduinoJson.hpp:39,
                 from .pio/libdeps/esp32s3_n8r2/ArduinoJson/src/ArduinoJson.h:9,
                 from src/interface/../profiles.h:12,
                 from src/interface/webserver.cpp:39:
.pio/libdeps/esp32s3_n8r2/ArduinoJson/src/ArduinoJson/Object/JsonObject.hpp:197:13: note: declared here
   JsonArray createNestedArray(TChar* key) const {
             ^~~~~~~~~~~~~~~~~
src/interface/webserver.cpp: In lambda function:
src/interface/webserver.cpp:1708:9: warning: 'template<unsigned int N> class ArduinoJson::V743PB22::StaticJsonDocument' is deprecated: use JsonDocument instead [-Wdeprecated-declarations]
         StaticJsonDocument<256> doc;
         ^~~~~~~~~~~~~~~~~~
In file included from .pio/libdeps/esp32s3_n8r2/ArduinoJson/src/ArduinoJson.hpp:65,
                 from .pio/libdeps/esp32s3_n8r2/ArduinoJson/src/ArduinoJson.h:9,
                 from src/interface/../profiles.h:12,
                 from src/interface/webserver.cpp:39:
.pio/libdeps/esp32s3_n8r2/ArduinoJson/src/ArduinoJson/compatibility.hpp:63:58: note: declared here
 class ARDUINOJSON_DEPRECATED("use JsonDocument instead") StaticJsonDocument
                                                          ^~~~~~~~~~~~~~~~~~
src/interface/webserver.cpp:1718:39: warning: 'bool ArduinoJson::V743PB22::JsonDocument::containsKey(TChar*) const [with TChar = const char]' is deprecated: use doc["key"].is<T>() instead [-Wdeprecated-declarations]
         if (doc.containsKey("mlPerRev") || doc.containsKey("stepsPerRev")) {
                                       ^
In file included from .pio/libdeps/esp32s3_n8r2/ArduinoJson/src/ArduinoJson.hpp:42,
                 from .pio/libdeps/esp32s3_n8r2/ArduinoJson/src/ArduinoJson.h:9,
                 from src/interface/../profiles.h:12,
                 from src/interface/webserver.cpp:39:
.pio/libdeps/esp32s3_n8r2/ArduinoJson/src/ArduinoJson/Document/JsonDocument.hpp:167:8: note: declared here
   bool containsKey(TChar* key) const {
        ^~~~~~~~~~~
src/interface/webserver.cpp:1718:73: warning: 'bool ArduinoJson::V743PB22::JsonDocument::containsKey(TChar*) const [with TChar = const char]' is deprecated: use doc["key"].is<T>() instead [-Wdeprecated-declarations]
         if (doc.containsKey("mlPerRev") || doc.containsKey("stepsPerRev")) {
                                                                         ^
In file included from .pio/libdeps/esp32s3_n8r2/ArduinoJson/src/ArduinoJson.hpp:42,
                 from .pio/libdeps/esp32s3_n8r2/ArduinoJson/src/ArduinoJson.h:9,
                 from src/interface/../profiles.h:12,
                 from src/interface/webserver.cpp:39:
.pio/libdeps/esp32s3_n8r2/ArduinoJson/src/ArduinoJson/Document/JsonDocument.hpp:167:8: note: declared here
   bool containsKey(TChar* key) const {
        ^~~~~~~~~~~
src/interface/webserver.cpp:1719:41: warning: 'bool ArduinoJson::V743PB22::JsonDocument::containsKey(TChar*) const [with TChar = const char]' is deprecated: use doc["key"].is<T>() instead [-Wdeprecated-declarations]
           if (doc.containsKey("mlPerRev")) {
                                         ^
In file included from .pio/libdeps/esp32s3_n8r2/ArduinoJson/src/ArduinoJson.hpp:42,
                 from .pio/libdeps/esp32s3_n8r2/ArduinoJson/src/ArduinoJson.h:9,
                 from src/interface/../profiles.h:12,
                 from src/interface/webserver.cpp:39:
.pio/libdeps/esp32s3_n8r2/ArduinoJson/src/ArduinoJson/Document/JsonDocument.hpp:167:8: note: declared here
   bool containsKey(TChar* key) const {
        ^~~~~~~~~~~
src/interface/webserver.cpp:1723:44: warning: 'bool ArduinoJson::V743PB22::JsonDocument::containsKey(TChar*) const [with TChar = const char]' is deprecated: use doc["key"].is<T>() instead [-Wdeprecated-declarations]
           if (doc.containsKey("stepsPerRev")) {
                                            ^
In file included from .pio/libdeps/esp32s3_n8r2/ArduinoJson/src/ArduinoJson.hpp:42,
                 from .pio/libdeps/esp32s3_n8r2/ArduinoJson/src/ArduinoJson.h:9,
                 from src/interface/../profiles.h:12,
                 from src/interface/webserver.cpp:39:
.pio/libdeps/esp32s3_n8r2/ArduinoJson/src/ArduinoJson/Document/JsonDocument.hpp:167:8: note: declared here
   bool containsKey(TChar* key) const {
        ^~~~~~~~~~~
src/interface/webserver.cpp:1736:42: warning: 'bool ArduinoJson::V743PB22::JsonDocument::containsKey(TChar*) const [with TChar = const char]' is deprecated: use doc["key"].is<T>() instead [-Wdeprecated-declarations]
         if (doc.containsKey("knownVolume") && doc.containsKey("steps")) {
                                          ^
In file included from .pio/libdeps/esp32s3_n8r2/ArduinoJson/src/ArduinoJson.hpp:42,
                 from .pio/libdeps/esp32s3_n8r2/ArduinoJson/src/ArduinoJson.h:9,
                 from src/interface/../profiles.h:12,
                 from src/interface/webserver.cpp:39:
.pio/libdeps/esp32s3_n8r2/ArduinoJson/src/ArduinoJson/Document/JsonDocument.hpp:167:8: note: declared here
   bool containsKey(TChar* key) const {
        ^~~~~~~~~~~
src/interface/webserver.cpp:1736:70: warning: 'bool ArduinoJson::V743PB22::JsonDocument::containsKey(TChar*) const [with TChar = const char]' is deprecated: use doc["key"].is<T>() instead [-Wdeprecated-declarations]
         if (doc.containsKey("knownVolume") && doc.containsKey("steps")) {
                                                                      ^
In file included from .pio/libdeps/esp32s3_n8r2/ArduinoJson/src/ArduinoJson.hpp:42,
                 from .pio/libdeps/esp32s3_n8r2/ArduinoJson/src/ArduinoJson.h:9,
                 from src/interface/../profiles.h:12,
                 from src/interface/webserver.cpp:39:
.pio/libdeps/esp32s3_n8r2/ArduinoJson/src/ArduinoJson/Document/JsonDocument.hpp:167:8: note: declared here
   bool containsKey(TChar* key) const {
        ^~~~~~~~~~~
src/interface/webserver.cpp:1751:13: warning: 'template<unsigned int N> class ArduinoJson::V743PB22::StaticJsonDocument' is deprecated: use JsonDocument instead [-Wdeprecated-declarations]
             StaticJsonDocument<128> resp;
             ^~~~~~~~~~~~~~~~~~
In file included from .pio/libdeps/esp32s3_n8r2/ArduinoJson/src/ArduinoJson.hpp:65,
                 from .pio/libdeps/esp32s3_n8r2/ArduinoJson/src/ArduinoJson.h:9,
                 from src/interface/../profiles.h:12,
                 from src/interface/webserver.cpp:39:
.pio/libdeps/esp32s3_n8r2/ArduinoJson/src/ArduinoJson/compatibility.hpp:63:58: note: declared here
 class ARDUINOJSON_DEPRECATED("use JsonDocument instead") StaticJsonDocument
                                                          ^~~~~~~~~~~~~~~~~~
src/interface/webserver.cpp: In lambda function:
src/interface/webserver.cpp:1776:9: warning: 'template<unsigned int N> class ArduinoJson::V743PB22::StaticJsonDocument' is deprecated: use JsonDocument instead [-Wdeprecated-declarations]
         StaticJsonDocument<512> doc;
         ^~~~~~~~~~~~~~~~~~
In file included from .pio/libdeps/esp32s3_n8r2/ArduinoJson/src/ArduinoJson.hpp:65,
                 from .pio/libdeps/esp32s3_n8r2/ArduinoJson/src/ArduinoJson.h:9,
                 from src/interface/../profiles.h:12,
                 from src/interface/webserver.cpp:39:
.pio/libdeps/esp32s3_n8r2/ArduinoJson/src/ArduinoJson/compatibility.hpp:63:58: note: declared here
 class ARDUINOJSON_DEPRECATED("use JsonDocument instead") StaticJsonDocument
                                                          ^~~~~~~~~~~~~~~~~~
src/interface/webserver.cpp:1794:37: warning: 'bool ArduinoJson::V743PB22::JsonDocument::containsKey(TChar*) const [with TChar = const char]' is deprecated: use doc["key"].is<T>() instead [-Wdeprecated-declarations]
         if (doc.containsKey("offset")) {
                                     ^
In file included from .pio/libdeps/esp32s3_n8r2/ArduinoJson/src/ArduinoJson.hpp:42,
                 from .pio/libdeps/esp32s3_n8r2/ArduinoJson/src/ArduinoJson.h:9,
                 from src/interface/../profiles.h:12,
                 from src/interface/webserver.cpp:39:
.pio/libdeps/esp32s3_n8r2/ArduinoJson/src/ArduinoJson/Document/JsonDocument.hpp:167:8: note: declared here
   bool containsKey(TChar* key) const {
        ^~~~~~~~~~~
src/interface/webserver.cpp:1810:40: warning: 'bool ArduinoJson::V743PB22::JsonDocument::containsKey(TChar*) const [with TChar = const char]' is deprecated: use doc["key"].is<T>() instead [-Wdeprecated-declarations]
         if (doc.containsKey("reference")) {
                                        ^
In file included from .pio/libdeps/esp32s3_n8r2/ArduinoJson/src/ArduinoJson.hpp:42,
                 from .pio/libdeps/esp32s3_n8r2/ArduinoJson/src/ArduinoJson.h:9,
                 from src/interface/../profiles.h:12,
                 from src/interface/webserver.cpp:39:
.pio/libdeps/esp32s3_n8r2/ArduinoJson/src/ArduinoJson/Document/JsonDocument.hpp:167:8: note: declared here
   bool containsKey(TChar* key) const {
        ^~~~~~~~~~~
src/interface/webserver.cpp:1850:11: warning: 'template<unsigned int N> class ArduinoJson::V743PB22::StaticJsonDocument' is deprecated: use JsonDocument instead [-Wdeprecated-declarations]
           StaticJsonDocument<128> resp;
           ^~~~~~~~~~~~~~~~~~
In file included from .pio/libdeps/esp32s3_n8r2/ArduinoJson/src/ArduinoJson.hpp:65,
                 from .pio/libdeps/esp32s3_n8r2/ArduinoJson/src/ArduinoJson.h:9,
                 from src/interface/../profiles.h:12,
                 from src/interface/webserver.cpp:39:
.pio/libdeps/esp32s3_n8r2/ArduinoJson/src/ArduinoJson/compatibility.hpp:63:58: note: declared here
 class ARDUINOJSON_DEPRECATED("use JsonDocument instead") StaticJsonDocument
                                                          ^~~~~~~~~~~~~~~~~~
src/interface/webserver.cpp: In lambda function:
src/interface/webserver.cpp:1871:9: warning: 'template<unsigned int N> class ArduinoJson::V743PB22::StaticJsonDocument' is deprecated: use JsonDocument instead [-Wdeprecated-declarations]
         StaticJsonDocument<512> doc;
         ^~~~~~~~~~~~~~~~~~
In file included from .pio/libdeps/esp32s3_n8r2/ArduinoJson/src/ArduinoJson.hpp:65,
                 from .pio/libdeps/esp32s3_n8r2/ArduinoJson/src/ArduinoJson.h:9,
                 from src/interface/../profiles.h:12,
                 from src/interface/webserver.cpp:39:
.pio/libdeps/esp32s3_n8r2/ArduinoJson/src/ArduinoJson/compatibility.hpp:63:58: note: declared here
 class ARDUINOJSON_DEPRECATED("use JsonDocument instead") StaticJsonDocument
                                                          ^~~~~~~~~~~~~~~~~~
src/interface/webserver.cpp:1881:41: warning: 'bool ArduinoJson::V743PB22::JsonDocument::containsKey(TChar*) const [with TChar = const char]' is deprecated: use doc["key"].is<T>() instead [-Wdeprecated-declarations]
         if (!doc.containsKey("abvPoints") ||
                                         ^
In file included from .pio/libdeps/esp32s3_n8r2/ArduinoJson/src/ArduinoJson.hpp:42,
                 from .pio/libdeps/esp32s3_n8r2/ArduinoJson/src/ArduinoJson.h:9,
                 from src/interface/../profiles.h:12,
                 from src/interface/webserver.cpp:39:
.pio/libdeps/esp32s3_n8r2/ArduinoJson/src/ArduinoJson/Document/JsonDocument.hpp:167:8: note: declared here
   bool containsKey(TChar* key) const {
        ^~~~~~~~~~~
src/interface/webserver.cpp:1882:46: warning: 'bool ArduinoJson::V743PB22::JsonDocument::containsKey(TChar*) const [with TChar = const char]' is deprecated: use doc["key"].is<T>() instead [-Wdeprecated-declarations]
             !doc.containsKey("pressurePoints")) {
                                              ^
In file included from .pio/libdeps/esp32s3_n8r2/ArduinoJson/src/ArduinoJson.hpp:42,
                 from .pio/libdeps/esp32s3_n8r2/ArduinoJson/src/ArduinoJson.h:9,
                 from src/interface/../profiles.h:12,
                 from src/interface/webserver.cpp:39:
.pio/libdeps/esp32s3_n8r2/ArduinoJson/src/ArduinoJson/Document/JsonDocument.hpp:167:8: note: declared here
   bool containsKey(TChar* key) const {
        ^~~~~~~~~~~
src/interface/webserver.cpp:1908:9: warning: 'template<unsigned int N> class ArduinoJson::V743PB22::StaticJsonDocument' is deprecated: use JsonDocument instead [-Wdeprecated-declarations]
         StaticJsonDocument<128> resp;
         ^~~~~~~~~~~~~~~~~~
In file included from .pio/libdeps/esp32s3_n8r2/ArduinoJson/src/ArduinoJson.hpp:65,
                 from .pio/libdeps/esp32s3_n8r2/ArduinoJson/src/ArduinoJson.h:9,
                 from src/interface/../profiles.h:12,
                 from src/interface/webserver.cpp:39:
.pio/libdeps/esp32s3_n8r2/ArduinoJson/src/ArduinoJson/compatibility.hpp:63:58: note: declared here
 class ARDUINOJSON_DEPRECATED("use JsonDocument instead") StaticJsonDocument
                                                          ^~~~~~~~~~~~~~~~~~
src/interface/webserver.cpp: In lambda function:
src/interface/webserver.cpp:1923:15: warning: 'template<unsigned int N> class ArduinoJson::V743PB22::StaticJsonDocument' is deprecated: use JsonDocument instead [-Wdeprecated-declarations]
               StaticJsonDocument<768> doc;
               ^~~~~~~~~~~~~~~~~~
In file included from .pio/libdeps/esp32s3_n8r2/ArduinoJson/src/ArduinoJson.hpp:65,
                 from .pio/libdeps/esp32s3_n8r2/ArduinoJson/src/ArduinoJson.h:9,
                 from src/interface/../profiles.h:12,
                 from src/interface/webserver.cpp:39:
.pio/libdeps/esp32s3_n8r2/ArduinoJson/src/ArduinoJson/compatibility.hpp:63:58: note: declared here
 class ARDUINOJSON_DEPRECATED("use JsonDocument instead") StaticJsonDocument
                                                          ^~~~~~~~~~~~~~~~~~
src/interface/webserver.cpp:1926:66: warning: 'ArduinoJson::V743PB22::JsonArray ArduinoJson::V743PB22::JsonDocument::createNestedArray(TChar*) [with TChar = const char]' is deprecated: use doc[key].to<JsonArray>() instead [-Wdeprecated-declarations]
               JsonArray sensors = doc.createNestedArray("sensors");
                                                                  ^
In file included from .pio/libdeps/esp32s3_n8r2/ArduinoJson/src/ArduinoJson.hpp:42,
                 from .pio/libdeps/esp32s3_n8r2/ArduinoJson/src/ArduinoJson.h:9,
                 from src/interface/../profiles.h:12,
                 from src/interface/webserver.cpp:39:
.pio/libdeps/esp32s3_n8r2/ArduinoJson/src/ArduinoJson/Document/JsonDocument.hpp:356:13: note: declared here
   JsonArray createNestedArray(TChar* key) {
             ^~~~~~~~~~~~~~~~~
src/interface/webserver.cpp:1928:59: warning: 'ArduinoJson::V743PB22::JsonObject ArduinoJson::V743PB22::JsonArray::createNestedObject() const' is deprecated: use add<JsonObject>() instead [-Wdeprecated-declarations]
                 JsonObject s = sensors.createNestedObject();
                                                           ^
In file included from .pio/libdeps/esp32s3_n8r2/ArduinoJson/src/ArduinoJson.hpp:65,
                 from .pio/libdeps/esp32s3_n8r2/ArduinoJson/src/ArduinoJson.h:9,
                 from src/interface/../profiles.h:12,
                 from src/interface/webserver.cpp:39:
.pio/libdeps/esp32s3_n8r2/ArduinoJson/src/ArduinoJson/compatibility.hpp:140:19: note: declared here
 inline JsonObject JsonArray::createNestedObject() const {
                   ^~~~~~~~~
src/interface/webserver.cpp: In lambda function:
src/interface/webserver.cpp:2013:9: warning: 'template<unsigned int N> class ArduinoJson::V743PB22::StaticJsonDocument' is deprecated: use JsonDocument instead [-Wdeprecated-declarations]
         StaticJsonDocument<128> doc;
         ^~~~~~~~~~~~~~~~~~
In file included from .pio/libdeps/esp32s3_n8r2/ArduinoJson/src/ArduinoJson.hpp:65,
                 from .pio/libdeps/esp32s3_n8r2/ArduinoJson/src/ArduinoJson.h:9,
                 from src/interface/../profiles.h:12,
                 from src/interface/webserver.cpp:39:
.pio/libdeps/esp32s3_n8r2/ArduinoJson/src/ArduinoJson/compatibility.hpp:63:58: note: declared here
 class ARDUINOJSON_DEPRECATED("use JsonDocument instead") StaticJsonDocument
                                                          ^~~~~~~~~~~~~~~~~~
src/interface/webserver.cpp: In lambda function:
src/interface/webserver.cpp:2096:9: warning: 'template<unsigned int N> class ArduinoJson::V743PB22::StaticJsonDocument' is deprecated: use JsonDocument instead [-Wdeprecated-declarations]
         StaticJsonDocument<128> doc;
         ^~~~~~~~~~~~~~~~~~
In file included from .pio/libdeps/esp32s3_n8r2/ArduinoJson/src/ArduinoJson.hpp:65,
                 from .pio/libdeps/esp32s3_n8r2/ArduinoJson/src/ArduinoJson.h:9,
                 from src/interface/../profiles.h:12,
                 from src/interface/webserver.cpp:39:
.pio/libdeps/esp32s3_n8r2/ArduinoJson/src/ArduinoJson/compatibility.hpp:63:58: note: declared here
 class ARDUINOJSON_DEPRECATED("use JsonDocument instead") StaticJsonDocument
                                                          ^~~~~~~~~~~~~~~~~~
src/interface/webserver.cpp: In lambda function:
src/interface/webserver.cpp:2132:5: warning: 'template<unsigned int N> class ArduinoJson::V743PB22::StaticJsonDocument' is deprecated: use JsonDocument instead [-Wdeprecated-declarations]
     StaticJsonDocument<128> doc;
     ^~~~~~~~~~~~~~~~~~
In file included from .pio/libdeps/esp32s3_n8r2/ArduinoJson/src/ArduinoJson.hpp:65,
                 from .pio/libdeps/esp32s3_n8r2/ArduinoJson/src/ArduinoJson.h:9,
                 from src/interface/../profiles.h:12,
                 from src/interface/webserver.cpp:39:
.pio/libdeps/esp32s3_n8r2/ArduinoJson/src/ArduinoJson/compatibility.hpp:63:58: note: declared here
 class ARDUINOJSON_DEPRECATED("use JsonDocument instead") StaticJsonDocument
                                                          ^~~~~~~~~~~~~~~~~~
src/interface/webserver.cpp: In lambda function:
src/interface/webserver.cpp:2150:36: warning: 'DynamicJsonDocument' is deprecated: use JsonDocument instead [-Wdeprecated-declarations]
     DynamicJsonDocument doc(docSize);
                                    ^
In file included from .pio/libdeps/esp32s3_n8r2/ArduinoJson/src/ArduinoJson.hpp:65,
                 from .pio/libdeps/esp32s3_n8r2/ArduinoJson/src/ArduinoJson.h:9,
                 from src/interface/../profiles.h:12,
                 from src/interface/webserver.cpp:39:
.pio/libdeps/esp32s3_n8r2/ArduinoJson/src/ArduinoJson/compatibility.hpp:125:58: note: declared here
 class ARDUINOJSON_DEPRECATED("use JsonDocument instead") DynamicJsonDocument
                                                          ^~~~~~~~~~~~~~~~~~~
src/interface/webserver.cpp:2156:55: warning: 'ArduinoJson::V743PB22::JsonArray ArduinoJson::V743PB22::JsonDocument::createNestedArray(TChar*) [with TChar = const char]' is deprecated: use doc[key].to<JsonArray>() instead [-Wdeprecated-declarations]
     JsonArray dataArray = doc.createNestedArray("data");
                                                       ^
In file included from .pio/libdeps/esp32s3_n8r2/ArduinoJson/src/ArduinoJson.hpp:42,
                 from .pio/libdeps/esp32s3_n8r2/ArduinoJson/src/ArduinoJson.h:9,
                 from src/interface/../profiles.h:12,
                 from src/interface/webserver.cpp:39:
.pio/libdeps/esp32s3_n8r2/ArduinoJson/src/ArduinoJson/Document/JsonDocument.hpp:356:13: note: declared here
   JsonArray createNestedArray(TChar* key) {
             ^~~~~~~~~~~~~~~~~
src/interface/webserver.cpp:2172:53: warning: 'ArduinoJson::V743PB22::JsonObject ArduinoJson::V743PB22::JsonArray::createNestedObject() const' is deprecated: use add<JsonObject>() instead [-Wdeprecated-declarations]
       JsonObject obj = dataArray.createNestedObject();
                                                     ^
In file included from .pio/libdeps/esp32s3_n8r2/ArduinoJson/src/ArduinoJson.hpp:65,
                 from .pio/libdeps/esp32s3_n8r2/ArduinoJson/src/ArduinoJson.h:9,
                 from src/interface/../profiles.h:12,
                 from src/interface/webserver.cpp:39:
.pio/libdeps/esp32s3_n8r2/ArduinoJson/src/ArduinoJson/compatibility.hpp:140:19: note: declared here
 inline JsonObject JsonArray::createNestedObject() const {
                   ^~~~~~~~~
src/interface/webserver.cpp: In lambda function:
src/interface/webserver.cpp:2195:5: warning: 'template<unsigned int N> class ArduinoJson::V743PB22::StaticJsonDocument' is deprecated: use JsonDocument instead [-Wdeprecated-declarations]
     StaticJsonDocument<2048> doc;
     ^~~~~~~~~~~~~~~~~~
In file included from .pio/libdeps/esp32s3_n8r2/ArduinoJson/src/ArduinoJson.hpp:65,
                 from .pio/libdeps/esp32s3_n8r2/ArduinoJson/src/ArduinoJson.h:9,
                 from src/interface/../profiles.h:12,
                 from src/interface/webserver.cpp:39:
.pio/libdeps/esp32s3_n8r2/ArduinoJson/src/ArduinoJson/compatibility.hpp:63:58: note: declared here
 class ARDUINOJSON_DEPRECATED("use JsonDocument instead") StaticJsonDocument
                                                          ^~~~~~~~~~~~~~~~~~
src/interface/webserver.cpp:2198:58: warning: 'ArduinoJson::V743PB22::JsonArray ArduinoJson::V743PB22::JsonDocument::createNestedArray(TChar*) [with TChar = const char]' is deprecated: use doc[key].to<JsonArray>() instead [-Wdeprecated-declarations]
     JsonArray networks = doc.createNestedArray("networks");
                                                          ^
In file included from .pio/libdeps/esp32s3_n8r2/ArduinoJson/src/ArduinoJson.hpp:42,
                 from .pio/libdeps/esp32s3_n8r2/ArduinoJson/src/ArduinoJson.h:9,
                 from src/interface/../profiles.h:12,
                 from src/interface/webserver.cpp:39:
.pio/libdeps/esp32s3_n8r2/ArduinoJson/src/ArduinoJson/Document/JsonDocument.hpp:356:13: note: declared here
   JsonArray createNestedArray(TChar* key) {
             ^~~~~~~~~~~~~~~~~
src/interface/webserver.cpp:2200:52: warning: 'ArduinoJson::V743PB22::JsonObject ArduinoJson::V743PB22::JsonArray::createNestedObject() const' is deprecated: use add<JsonObject>() instead [-Wdeprecated-declarations]
       JsonObject net = networks.createNestedObject();
                                                    ^
In file included from .pio/libdeps/esp32s3_n8r2/ArduinoJson/src/ArduinoJson.hpp:65,
                 from .pio/libdeps/esp32s3_n8r2/ArduinoJson/src/ArduinoJson.h:9,
                 from src/interface/../profiles.h:12,
                 from src/interface/webserver.cpp:39:
.pio/libdeps/esp32s3_n8r2/ArduinoJson/src/ArduinoJson/compatibility.hpp:140:19: note: declared here
 inline JsonObject JsonArray::createNestedObject() const {
                   ^~~~~~~~~
src/interface/webserver.cpp: In lambda function:
src/interface/webserver.cpp:2217:5: warning: 'template<unsigned int N> class ArduinoJson::V743PB22::StaticJsonDocument' is deprecated: use JsonDocument instead [-Wdeprecated-declarations]
     StaticJsonDocument<512> doc;
     ^~~~~~~~~~~~~~~~~~
In file included from .pio/libdeps/esp32s3_n8r2/ArduinoJson/src/ArduinoJson.hpp:65,
                 from .pio/libdeps/esp32s3_n8r2/ArduinoJson/src/ArduinoJson.h:9,
                 from src/interface/../profiles.h:12,
                 from src/interface/webserver.cpp:39:
.pio/libdeps/esp32s3_n8r2/ArduinoJson/src/ArduinoJson/compatibility.hpp:63:58: note: declared here
 class ARDUINOJSON_DEPRECATED("use JsonDocument instead") StaticJsonDocument
                                                          ^~~~~~~~~~~~~~~~~~
src/interface/webserver.cpp: In lambda function:
src/interface/webserver.cpp:2247:9: warning: 'template<unsigned int N> class ArduinoJson::V743PB22::StaticJsonDocument' is deprecated: use JsonDocument instead [-Wdeprecated-declarations]
         StaticJsonDocument<256> doc;
         ^~~~~~~~~~~~~~~~~~
In file included from .pio/libdeps/esp32s3_n8r2/ArduinoJson/src/ArduinoJson.hpp:65,
                 from .pio/libdeps/esp32s3_n8r2/ArduinoJson/src/ArduinoJson.h:9,
                 from src/interface/../profiles.h:12,
                 from src/interface/webserver.cpp:39:
.pio/libdeps/esp32s3_n8r2/ArduinoJson/src/ArduinoJson/compatibility.hpp:63:58: note: declared here
 class ARDUINOJSON_DEPRECATED("use JsonDocument instead") StaticJsonDocument
                                                          ^~~~~~~~~~~~~~~~~~
src/interface/webserver.cpp:2258:65: warning: 'bool ArduinoJson::V743PB22::JsonDocument::containsKey(TChar*) const [with TChar = const char]' is deprecated: use doc["key"].is<T>() instead [-Wdeprecated-declarations]
         const bool hasPasswordField = doc.containsKey("password");
                                                                 ^
In file included from .pio/libdeps/esp32s3_n8r2/ArduinoJson/src/ArduinoJson.hpp:42,
                 from .pio/libdeps/esp32s3_n8r2/ArduinoJson/src/ArduinoJson.h:9,
                 from src/interface/../profiles.h:12,
                 from src/interface/webserver.cpp:39:
.pio/libdeps/esp32s3_n8r2/ArduinoJson/src/ArduinoJson/Document/JsonDocument.hpp:167:8: note: declared here
   bool containsKey(TChar* key) const {
        ^~~~~~~~~~~
src/interface/webserver.cpp: In lambda function:
src/interface/webserver.cpp:2464:28: warning: 'DynamicJsonDocument' is deprecated: use JsonDocument instead [-Wdeprecated-declarations]
     DynamicJsonDocument doc(4096);
                            ^
In file included from .pio/libdeps/esp32s3_n8r2/ArduinoJson/src/ArduinoJson.hpp:65,
                 from .pio/libdeps/esp32s3_n8r2/ArduinoJson/src/ArduinoJson.h:9,
                 from src/interface/../profiles.h:12,
                 from src/interface/webserver.cpp:39:
.pio/libdeps/esp32s3_n8r2/ArduinoJson/src/ArduinoJson/compatibility.hpp:125:58: note: declared here
 class ARDUINOJSON_DEPRECATED("use JsonDocument instead") DynamicJsonDocument
                                                          ^~~~~~~~~~~~~~~~~~~
src/interface/webserver.cpp:2467:62: warning: 'ArduinoJson::V743PB22::JsonArray ArduinoJson::V743PB22::JsonDocument::createNestedArray(TChar*) [with TChar = const char]' is deprecated: use doc[key].to<JsonArray>() instead [-Wdeprecated-declarations]
     JsonArray profileArray = doc.createNestedArray("profiles");
                                                              ^
In file included from .pio/libdeps/esp32s3_n8r2/ArduinoJson/src/ArduinoJson.hpp:42,
                 from .pio/libdeps/esp32s3_n8r2/ArduinoJson/src/ArduinoJson.h:9,
                 from src/interface/../profiles.h:12,
                 from src/interface/webserver.cpp:39:
.pio/libdeps/esp32s3_n8r2/ArduinoJson/src/ArduinoJson/Document/JsonDocument.hpp:356:13: note: declared here
   JsonArray createNestedArray(TChar* key) {
             ^~~~~~~~~~~~~~~~~
src/interface/webserver.cpp:2469:54: warning: 'ArduinoJson::V743PB22::JsonObject ArduinoJson::V743PB22::JsonArray::createNestedObject() const' is deprecated: use add<JsonObject>() instead [-Wdeprecated-declarations]
       JsonObject p = profileArray.createNestedObject();
                                                      ^
In file included from .pio/libdeps/esp32s3_n8r2/ArduinoJson/src/ArduinoJson.hpp:65,
                 from .pio/libdeps/esp32s3_n8r2/ArduinoJson/src/ArduinoJson.h:9,
                 from src/interface/../profiles.h:12,
                 from src/interface/webserver.cpp:39:
.pio/libdeps/esp32s3_n8r2/ArduinoJson/src/ArduinoJson/compatibility.hpp:140:19: note: declared here
 inline JsonObject JsonArray::createNestedObject() const {
                   ^~~~~~~~~
src/interface/webserver.cpp: In lambda function:
src/interface/webserver.cpp:2489:30: warning: 'DynamicJsonDocument' is deprecated: use JsonDocument instead [-Wdeprecated-declarations]
       DynamicJsonDocument doc(8192);
                              ^
In file included from .pio/libdeps/esp32s3_n8r2/ArduinoJson/src/ArduinoJson.hpp:65,
                 from .pio/libdeps/esp32s3_n8r2/ArduinoJson/src/ArduinoJson.h:9,
                 from src/interface/../profiles.h:12,
                 from src/interface/webserver.cpp:39:
.pio/libdeps/esp32s3_n8r2/ArduinoJson/src/ArduinoJson/compatibility.hpp:125:58: note: declared here
 class ARDUINOJSON_DEPRECATED("use JsonDocument instead") DynamicJsonDocument
                                                          ^~~~~~~~~~~~~~~~~~~
src/interface/webserver.cpp:2493:62: warning: 'ArduinoJson::V743PB22::JsonObject ArduinoJson::V743PB22::JsonDocument::createNestedObject(TChar*) [with TChar = const char]' is deprecated: use doc[key].to<JsonObject>() instead [-Wdeprecated-declarations]
       JsonObject metadata = doc.createNestedObject("metadata");
                                                              ^
In file included from .pio/libdeps/esp32s3_n8r2/ArduinoJson/src/ArduinoJson.hpp:42,
                 from .pio/libdeps/esp32s3_n8r2/ArduinoJson/src/ArduinoJson.h:9,
                 from src/interface/../profiles.h:12,
                 from src/interface/webserver.cpp:39:
.pio/libdeps/esp32s3_n8r2/ArduinoJson/src/ArduinoJson/Document/JsonDocument.hpp:376:14: note: declared here
   JsonObject createNestedObject(TChar* key) {
              ^~~~~~~~~~~~~~~~~~
src/interface/webserver.cpp:2498:57: warning: 'ArduinoJson::V743PB22::JsonArray ArduinoJson::V743PB22::JsonObject::createNestedArray(TChar*) const [with TChar = const char]' is deprecated: use obj[key].to<JsonArray>() instead [-Wdeprecated-declarations]
       JsonArray tags = metadata.createNestedArray("tags");
                                                         ^
In file included from .pio/libdeps/esp32s3_n8r2/ArduinoJson/src/ArduinoJson.hpp:39,
                 from .pio/libdeps/esp32s3_n8r2/ArduinoJson/src/ArduinoJson.h:9,
                 from src/interface/../profiles.h:12,
                 from src/interface/webserver.cpp:39:
.pio/libdeps/esp32s3_n8r2/ArduinoJson/src/ArduinoJson/Object/JsonObject.hpp:197:13: note: declared here
   JsonArray createNestedArray(TChar* key) const {
             ^~~~~~~~~~~~~~~~~
src/interface/webserver.cpp:2508:66: warning: 'ArduinoJson::V743PB22::JsonObject ArduinoJson::V743PB22::JsonDocument::createNestedObject(TChar*) [with TChar = const char]' is deprecated: use doc[key].to<JsonObject>() instead [-Wdeprecated-declarations]
       JsonObject parameters = doc.createNestedObject("parameters");
                                                                  ^
In file included from .pio/libdeps/esp32s3_n8r2/ArduinoJson/src/ArduinoJson.hpp:42,
                 from .pio/libdeps/esp32s3_n8r2/ArduinoJson/src/ArduinoJson.h:9,
                 from src/interface/../profiles.h:12,
                 from src/interface/webserver.cpp:39:
.pio/libdeps/esp32s3_n8r2/ArduinoJson/src/ArduinoJson/Document/JsonDocument.hpp:376:14: note: declared here
   JsonObject createNestedObject(TChar* key) {
              ^~~~~~~~~~~~~~~~~~
src/interface/webserver.cpp:2512:65: warning: 'ArduinoJson::V743PB22::JsonObject ArduinoJson::V743PB22::JsonObject::createNestedObject(TChar*) [with TChar = const char]' is deprecated: use obj[key].to<JsonObject>() instead [-Wdeprecated-declarations]
       JsonObject heater = parameters.createNestedObject("heater");
                                                                 ^
In file included from .pio/libdeps/esp32s3_n8r2/ArduinoJson/src/ArduinoJson.hpp:39,
                 from .pio/libdeps/esp32s3_n8r2/ArduinoJson/src/ArduinoJson.h:9,
                 from src/interface/../profiles.h:12,
                 from src/interface/webserver.cpp:39:
.pio/libdeps/esp32s3_n8r2/ArduinoJson/src/ArduinoJson/Object/JsonObject.hpp:211:14: note: declared here
   JsonObject createNestedObject(TChar* key) {
              ^~~~~~~~~~~~~~~~~~
src/interface/webserver.cpp:2519:79: warning: 'ArduinoJson::V743PB22::JsonObject ArduinoJson::V743PB22::JsonObject::createNestedObject(TChar*) [with TChar = const char]' is deprecated: use obj[key].to<JsonObject>() instead [-Wdeprecated-declarations]
       JsonObject rectification = parameters.createNestedObject("rectification");
                                                                               ^
In file included from .pio/libdeps/esp32s3_n8r2/ArduinoJson/src/ArduinoJson.hpp:39,
                 from .pio/libdeps/esp32s3_n8r2/ArduinoJson/src/ArduinoJson.h:9,
                 from src/interface/../profiles.h:12,
                 from src/interface/webserver.cpp:39:
.pio/libdeps/esp32s3_n8r2/ArduinoJson/src/ArduinoJson/Object/JsonObject.hpp:211:14: note: declared here
   JsonObject createNestedObject(TChar* key) {
              ^~~~~~~~~~~~~~~~~~
src/interface/webserver.cpp:2529:77: warning: 'ArduinoJson::V743PB22::JsonObject ArduinoJson::V743PB22::JsonObject::createNestedObject(TChar*) [with TChar = const char]' is deprecated: use obj[key].to<JsonObject>() instead [-Wdeprecated-declarations]
       JsonObject distillation = parameters.createNestedObject("distillation");
                                                                             ^
In file included from .pio/libdeps/esp32s3_n8r2/ArduinoJson/src/ArduinoJson.hpp:39,
                 from .pio/libdeps/esp32s3_n8r2/ArduinoJson/src/ArduinoJson.h:9,
                 from src/interface/../profiles.h:12,
                 from src/interface/webserver.cpp:39:
.pio/libdeps/esp32s3_n8r2/ArduinoJson/src/ArduinoJson/Object/JsonObject.hpp:211:14: note: declared here
   JsonObject createNestedObject(TChar* key) {
              ^~~~~~~~~~~~~~~~~~
src/interface/webserver.cpp:2535:77: warning: 'ArduinoJson::V743PB22::JsonObject ArduinoJson::V743PB22::JsonObject::createNestedObject(TChar*) [with TChar = const char]' is deprecated: use obj[key].to<JsonObject>() instead [-Wdeprecated-declarations]
       JsonObject temperatures = parameters.createNestedObject("temperatures");
                                                                             ^
In file included from .pio/libdeps/esp32s3_n8r2/ArduinoJson/src/ArduinoJson.hpp:39,
                 from .pio/libdeps/esp32s3_n8r2/ArduinoJson/src/ArduinoJson.h:9,
                 from src/interface/../profiles.h:12,
                 from src/interface/webserver.cpp:39:
.pio/libdeps/esp32s3_n8r2/ArduinoJson/src/ArduinoJson/Object/JsonObject.hpp:211:14: note: declared here
   JsonObject createNestedObject(TChar* key) {
              ^~~~~~~~~~~~~~~~~~
src/interface/webserver.cpp:2542:65: warning: 'ArduinoJson::V743PB22::JsonObject ArduinoJson::V743PB22::JsonObject::createNestedObject(TChar*) [with TChar = const char]' is deprecated: use obj[key].to<JsonObject>() instead [-Wdeprecated-declarations]
       JsonObject safety = parameters.createNestedObject("safety");
                                                                 ^
In file included from .pio/libdeps/esp32s3_n8r2/ArduinoJson/src/ArduinoJson.hpp:39,
                 from .pio/libdeps/esp32s3_n8r2/ArduinoJson/src/ArduinoJson.h:9,
                 from src/interface/../profiles.h:12,
                 from src/interface/webserver.cpp:39:
.pio/libdeps/esp32s3_n8r2/ArduinoJson/src/ArduinoJson/Object/JsonObject.hpp:211:14: note: declared here
   JsonObject createNestedObject(TChar* key) {
              ^~~~~~~~~~~~~~~~~~
src/interface/webserver.cpp:2547:66: warning: 'ArduinoJson::V743PB22::JsonObject ArduinoJson::V743PB22::JsonDocument::createNestedObject(TChar*) [with TChar = const char]' is deprecated: use doc[key].to<JsonObject>() instead [-Wdeprecated-declarations]
       JsonObject statistics = doc.createNestedObject("statistics");
                                                                  ^
In file included from .pio/libdeps/esp32s3_n8r2/ArduinoJson/src/ArduinoJson.hpp:42,
                 from .pio/libdeps/esp32s3_n8r2/ArduinoJson/src/ArduinoJson.h:9,
                 from src/interface/../profiles.h:12,
                 from src/interface/webserver.cpp:39:
.pio/libdeps/esp32s3_n8r2/ArduinoJson/src/ArduinoJson/Document/JsonDocument.hpp:376:14: note: declared here
   JsonObject createNestedObject(TChar* key) {
              ^~~~~~~~~~~~~~~~~~
src/interface/webserver.cpp: In function 'void WebServer::broadcastState(const SystemState&)':
src/interface/webserver.cpp:2601:3: warning: 'template<unsigned int N> class ArduinoJson::V743PB22::StaticJsonDocument' is deprecated: use JsonDocument instead [-Wdeprecated-declarations]
   StaticJsonDocument<1024> fastDoc;
   ^~~~~~~~~~~~~~~~~~
In file included from .pio/libdeps/esp32s3_n8r2/ArduinoJson/src/ArduinoJson.hpp:65,
                 from .pio/libdeps/esp32s3_n8r2/ArduinoJson/src/ArduinoJson.h:9,
                 from src/interface/../profiles.h:12,
                 from src/interface/webserver.cpp:39:
.pio/libdeps/esp32s3_n8r2/ArduinoJson/src/ArduinoJson/compatibility.hpp:63:58: note: declared here
 class ARDUINOJSON_DEPRECATED("use JsonDocument instead") StaticJsonDocument
                                                          ^~~~~~~~~~~~~~~~~~
src/interface/webserver.cpp:2634:68: warning: 'ArduinoJson::V743PB22::JsonObject ArduinoJson::V743PB22::JsonDocument::createNestedObject(TChar*) [with TChar = const char]' is deprecated: use doc[key].to<JsonObject>() instead [-Wdeprecated-declarations]
   JsonObject fastEquipment = fastDoc.createNestedObject("equipment");
                                                                    ^
In file included from .pio/libdeps/esp32s3_n8r2/ArduinoJson/src/ArduinoJson.hpp:42,
                 from .pio/libdeps/esp32s3_n8r2/ArduinoJson/src/ArduinoJson.h:9,
                 from src/interface/../profiles.h:12,
                 from src/interface/webserver.cpp:39:
.pio/libdeps/esp32s3_n8r2/ArduinoJson/src/ArduinoJson/Document/JsonDocument.hpp:376:14: note: declared here
   JsonObject createNestedObject(TChar* key) {
              ^~~~~~~~~~~~~~~~~~
src/interface/webserver.cpp:2640:78: warning: 'ArduinoJson::V743PB22::JsonObject ArduinoJson::V743PB22::JsonDocument::createNestedObject(TChar*) [with TChar = const char]' is deprecated: use doc[key].to<JsonObject>() instead [-Wdeprecated-declarations]
   JsonObject fastSafetySettings = fastDoc.createNestedObject("safetySettings");
                                                                              ^
In file included from .pio/libdeps/esp32s3_n8r2/ArduinoJson/src/ArduinoJson.hpp:42,
                 from .pio/libdeps/esp32s3_n8r2/ArduinoJson/src/ArduinoJson.h:9,
                 from src/interface/../profiles.h:12,
                 from src/interface/webserver.cpp:39:
.pio/libdeps/esp32s3_n8r2/ArduinoJson/src/ArduinoJson/Document/JsonDocument.hpp:376:14: note: declared here
   JsonObject createNestedObject(TChar* key) {
              ^~~~~~~~~~~~~~~~~~
src/interface/webserver.cpp:2653:62: warning: 'ArduinoJson::V743PB22::JsonObject ArduinoJson::V743PB22::JsonDocument::createNestedObject(TChar*) [with TChar = const char]' is deprecated: use doc[key].to<JsonObject>() instead [-Wdeprecated-declarations]
   JsonObject fastValves = fastDoc.createNestedObject("valves");
                                                              ^
In file included from .pio/libdeps/esp32s3_n8r2/ArduinoJson/src/ArduinoJson.hpp:42,
                 from .pio/libdeps/esp32s3_n8r2/ArduinoJson/src/ArduinoJson.h:9,
                 from src/interface/../profiles.h:12,
                 from src/interface/webserver.cpp:39:
.pio/libdeps/esp32s3_n8r2/ArduinoJson/src/ArduinoJson/Document/JsonDocument.hpp:376:14: note: declared here
   JsonObject createNestedObject(TChar* key) {
              ^~~~~~~~~~~~~~~~~~
src/interface/webserver.cpp:2684:3: warning: 'template<unsigned int N> class ArduinoJson::V743PB22::StaticJsonDocument' is deprecated: use JsonDocument instead [-Wdeprecated-declarations]
   StaticJsonDocument<4096> doc;
   ^~~~~~~~~~~~~~~~~~
In file included from .pio/libdeps/esp32s3_n8r2/ArduinoJson/src/ArduinoJson.hpp:65,
                 from .pio/libdeps/esp32s3_n8r2/ArduinoJson/src/ArduinoJson.h:9,
                 from src/interface/../profiles.h:12,
                 from src/interface/webserver.cpp:39:
.pio/libdeps/esp32s3_n8r2/ArduinoJson/src/ArduinoJson/compatibility.hpp:63:58: note: declared here
 class ARDUINOJSON_DEPRECATED("use JsonDocument instead") StaticJsonDocument
                                                          ^~~~~~~~~~~~~~~~~~
src/interface/webserver.cpp:2717:54: warning: 'ArduinoJson::V743PB22::JsonObject ArduinoJson::V743PB22::JsonDocument::createNestedObject(TChar*) [with TChar = const char]' is deprecated: use doc[key].to<JsonObject>() instead [-Wdeprecated-declarations]
   JsonObject valves = doc.createNestedObject("valves");
                                                      ^
In file included from .pio/libdeps/esp32s3_n8r2/ArduinoJson/src/ArduinoJson.hpp:42,
                 from .pio/libdeps/esp32s3_n8r2/ArduinoJson/src/ArduinoJson.h:9,
                 from src/interface/../profiles.h:12,
                 from src/interface/webserver.cpp:39:
.pio/libdeps/esp32s3_n8r2/ArduinoJson/src/ArduinoJson/Document/JsonDocument.hpp:376:14: note: declared here
   JsonObject createNestedObject(TChar* key) {
              ^~~~~~~~~~~~~~~~~~
src/interface/webserver.cpp:2726:58: warning: 'ArduinoJson::V743PB22::JsonObject ArduinoJson::V743PB22::JsonDocument::createNestedObject(TChar*) [with TChar = const char]' is deprecated: use doc[key].to<JsonObject>() instead [-Wdeprecated-declarations]
   JsonObject progress = doc.createNestedObject("progress");
                                                          ^
In file included from .pio/libdeps/esp32s3_n8r2/ArduinoJson/src/ArduinoJson.hpp:42,
                 from .pio/libdeps/esp32s3_n8r2/ArduinoJson/src/ArduinoJson.h:9,
                 from src/interface/../profiles.h:12,
                 from src/interface/webserver.cpp:39:
.pio/libdeps/esp32s3_n8r2/ArduinoJson/src/ArduinoJson/Document/JsonDocument.hpp:376:14: note: declared here
   JsonObject createNestedObject(TChar* key) {
              ^~~~~~~~~~~~~~~~~~
src/interface/webserver.cpp:2733:60: warning: 'ArduinoJson::V743PB22::JsonObject ArduinoJson::V743PB22::JsonDocument::createNestedObject(TChar*) [with TChar = const char]' is deprecated: use doc[key].to<JsonObject>() instead [-Wdeprecated-declarations]
   JsonObject equipment = doc.createNestedObject("equipment");
                                                            ^
In file included from .pio/libdeps/esp32s3_n8r2/ArduinoJson/src/ArduinoJson.hpp:42,
                 from .pio/libdeps/esp32s3_n8r2/ArduinoJson/src/ArduinoJson.h:9,
                 from src/interface/../profiles.h:12,
                 from src/interface/webserver.cpp:39:
.pio/libdeps/esp32s3_n8r2/ArduinoJson/src/ArduinoJson/Document/JsonDocument.hpp:376:14: note: declared here
   JsonObject createNestedObject(TChar* key) {
              ^~~~~~~~~~~~~~~~~~
src/interface/webserver.cpp:2739:70: warning: 'ArduinoJson::V743PB22::JsonObject ArduinoJson::V743PB22::JsonDocument::createNestedObject(TChar*) [with TChar = const char]' is deprecated: use doc[key].to<JsonObject>() instead [-Wdeprecated-declarations]
   JsonObject safetySettings = doc.createNestedObject("safetySettings");
                                                                      ^
In file included from .pio/libdeps/esp32s3_n8r2/ArduinoJson/src/ArduinoJson.hpp:42,
                 from .pio/libdeps/esp32s3_n8r2/ArduinoJson/src/ArduinoJson.h:9,
                 from src/interface/../profiles.h:12,
                 from src/interface/webserver.cpp:39:
.pio/libdeps/esp32s3_n8r2/ArduinoJson/src/ArduinoJson/Document/JsonDocument.hpp:376:14: note: declared here
   JsonObject createNestedObject(TChar* key) {
              ^~~~~~~~~~~~~~~~~~
src/interface/webserver.cpp:2753:59: warning: 'ArduinoJson::V743PB22::JsonObject ArduinoJson::V743PB22::JsonDocument::createNestedObject(TChar*) [with TChar = const char]' is deprecated: use doc[key].to<JsonObject>() instead [-Wdeprecated-declarations]
   JsonObject rect = doc.createNestedObject("rectification");
                                                           ^
In file included from .pio/libdeps/esp32s3_n8r2/ArduinoJson/src/ArduinoJson.hpp:42,
                 from .pio/libdeps/esp32s3_n8r2/ArduinoJson/src/ArduinoJson.h:9,
                 from src/interface/../profiles.h:12,
                 from src/interface/webserver.cpp:39:
.pio/libdeps/esp32s3_n8r2/ArduinoJson/src/ArduinoJson/Document/JsonDocument.hpp:376:14: note: declared here
   JsonObject createNestedObject(TChar* key) {
              ^~~~~~~~~~~~~~~~~~
src/interface/webserver.cpp:2770:66: warning: 'ArduinoJson::V743PB22::JsonObject ArduinoJson::V743PB22::JsonDocument::createNestedObject(TChar*) [with TChar = const char]' is deprecated: use doc[key].to<JsonObject>() instead [-Wdeprecated-declarations]
   JsonObject distillation = doc.createNestedObject("distillation");
                                                                  ^
In file included from .pio/libdeps/esp32s3_n8r2/ArduinoJson/src/ArduinoJson.hpp:42,
                 from .pio/libdeps/esp32s3_n8r2/ArduinoJson/src/ArduinoJson.h:9,
                 from src/interface/../profiles.h:12,
                 from src/interface/webserver.cpp:39:
.pio/libdeps/esp32s3_n8r2/ArduinoJson/src/ArduinoJson/Document/JsonDocument.hpp:376:14: note: declared here
   JsonObject createNestedObject(TChar* key) {
              ^~~~~~~~~~~~~~~~~~
src/interface/webserver.cpp:2784:56: warning: 'ArduinoJson::V743PB22::JsonObject ArduinoJson::V743PB22::JsonDocument::createNestedObject(TChar*) [with TChar = const char]' is deprecated: use doc[key].to<JsonObject>() instead [-Wdeprecated-declarations]
   JsonObject display = doc.createNestedObject("display");
                                                        ^
In file included from .pio/libdeps/esp32s3_n8r2/ArduinoJson/src/ArduinoJson.hpp:42,
                 from .pio/libdeps/esp32s3_n8r2/ArduinoJson/src/ArduinoJson.h:9,
                 from src/interface/../profiles.h:12,
                 from src/interface/webserver.cpp:39:
.pio/libdeps/esp32s3_n8r2/ArduinoJson/src/ArduinoJson/Document/JsonDocument.hpp:376:14: note: declared here
   JsonObject createNestedObject(TChar* key) {
              ^~~~~~~~~~~~~~~~~~
src/interface/webserver.cpp:2797:56: warning: 'ArduinoJson::V743PB22::JsonObject ArduinoJson::V743PB22::JsonDocument::createNestedObject(TChar*) [with TChar = const char]' is deprecated: use doc[key].to<JsonObject>() instead [-Wdeprecated-declarations]
   JsonObject mashing = doc.createNestedObject("mashing");
                                                        ^
In file included from .pio/libdeps/esp32s3_n8r2/ArduinoJson/src/ArduinoJson.hpp:42,
                 from .pio/libdeps/esp32s3_n8r2/ArduinoJson/src/ArduinoJson.h:9,
                 from src/interface/../profiles.h:12,
                 from src/interface/webserver.cpp:39:
.pio/libdeps/esp32s3_n8r2/ArduinoJson/src/ArduinoJson/Document/JsonDocument.hpp:376:14: note: declared here
   JsonObject createNestedObject(TChar* key) {
              ^~~~~~~~~~~~~~~~~~
src/interface/webserver.cpp:2819:50: warning: 'ArduinoJson::V743PB22::JsonObject ArduinoJson::V743PB22::JsonDocument::createNestedObject(TChar*) [with TChar = const char]' is deprecated: use doc[key].to<JsonObject>() instead [-Wdeprecated-declarations]
   JsonObject hold = doc.createNestedObject("hold");
                                                  ^
In file included from .pio/libdeps/esp32s3_n8r2/ArduinoJson/src/ArduinoJson.hpp:42,
                 from .pio/libdeps/esp32s3_n8r2/ArduinoJson/src/ArduinoJson.h:9,
                 from src/interface/../profiles.h:12,
                 from src/interface/webserver.cpp:39:
.pio/libdeps/esp32s3_n8r2/ArduinoJson/src/ArduinoJson/Document/JsonDocument.hpp:376:14: note: declared here
   JsonObject createNestedObject(TChar* key) {
              ^~~~~~~~~~~~~~~~~~
src/interface/webserver.cpp:2842:51: warning: 'ArduinoJson::V743PB22::JsonObject ArduinoJson::V743PB22::JsonDocument::createNestedObject(TChar*) [with TChar = const char]' is deprecated: use doc[key].to<JsonObject>() instead [-Wdeprecated-declarations]
   JsonObject mem = doc.createNestedObject("memory");
                                                   ^
In file included from .pio/libdeps/esp32s3_n8r2/ArduinoJson/src/ArduinoJson.hpp:42,
                 from .pio/libdeps/esp32s3_n8r2/ArduinoJson/src/ArduinoJson.h:9,
                 from src/interface/../profiles.h:12,
                 from src/interface/webserver.cpp:39:
.pio/libdeps/esp32s3_n8r2/ArduinoJson/src/ArduinoJson/Document/JsonDocument.hpp:376:14: note: declared here
   JsonObject createNestedObject(TChar* key) {
              ^~~~~~~~~~~~~~~~~~
src/interface/webserver.cpp:2853:54: warning: 'ArduinoJson::V743PB22::JsonObject ArduinoJson::V743PB22::JsonDocument::createNestedObject(TChar*) [with TChar = const char]' is deprecated: use doc[key].to<JsonObject>() instead [-Wdeprecated-declarations]
   JsonObject health = doc.createNestedObject("health");
                                                      ^
In file included from .pio/libdeps/esp32s3_n8r2/ArduinoJson/src/ArduinoJson.hpp:42,
                 from .pio/libdeps/esp32s3_n8r2/ArduinoJson/src/ArduinoJson.h:9,
                 from src/interface/../profiles.h:12,
                 from src/interface/webserver.cpp:39:
.pio/libdeps/esp32s3_n8r2/ArduinoJson/src/ArduinoJson/Document/JsonDocument.hpp:376:14: note: declared here
   JsonObject createNestedObject(TChar* key) {
              ^~~~~~~~~~~~~~~~~~
src/interface/webserver.cpp: In function 'void WebServer::sendEvent(const char*, const char*)':
src/interface/webserver.cpp:2871:3: warning: 'template<unsigned int N> class ArduinoJson::V743PB22::StaticJsonDocument' is deprecated: use JsonDocument instead [-Wdeprecated-declarations]
   StaticJsonDocument<256> doc;
   ^~~~~~~~~~~~~~~~~~
In file included from .pio/libdeps/esp32s3_n8r2/ArduinoJson/src/ArduinoJson.hpp:65,
                 from .pio/libdeps/esp32s3_n8r2/ArduinoJson/src/ArduinoJson.h:9,
                 from src/interface/../profiles.h:12,
                 from src/interface/webserver.cpp:39:
.pio/libdeps/esp32s3_n8r2/ArduinoJson/src/ArduinoJson/compatibility.hpp:63:58: note: declared here
 class ARDUINOJSON_DEPRECATED("use JsonDocument instead") StaticJsonDocument
                                                          ^~~~~~~~~~~~~~~~~~
In function 'WebServer::init()::<lambda(AsyncWebServerRequest*)>',
    inlined from 'static void std::_Function_handler<void(_ArgTypes ...), _Functor>::_M_invoke(const std::_Any_data&, _ArgTypes&& ...) [with _Functor = WebServer::init()::<lambda(AsyncWebServerRequest*)>; _ArgTypes = {AsyncWebServerRequest*}]' at c:\users\grif_\.platformio\packages\toolchain-xtensa-esp32s3\xtensa-esp32s3-elf\include\c++\8.4.0\bits\std_function.h:297:37:
src/interface/webserver.cpp:2564:35: warning: call to 'AsyncWebServerRequest::pathArg' declared with attribute warning: ASYNCWEBSERVER_REGEX not defined
     String id = request->pathArg(0);
                                   ^
In function 'WebServer::init()::<lambda(AsyncWebServerRequest*)>',
    inlined from 'static void std::_Function_handler<void(_ArgTypes ...), _Functor>::_M_invoke(const std::_Any_data&, _ArgTypes&& ...) [with _Functor = WebServer::init()::<lambda(AsyncWebServerRequest*)>; _ArgTypes = {AsyncWebServerRequest*}]' at c:\users\grif_\.platformio\packages\toolchain-xtensa-esp32s3\xtensa-esp32s3-elf\include\c++\8.4.0\bits\std_function.h:297:37:
src/interface/webserver.cpp:2575:35: warning: call to 'AsyncWebServerRequest::pathArg' declared with attribute warning: ASYNCWEBSERVER_REGEX not defined
     String id = request->pathArg(0);
                                   ^
src/interface/webserver.cpp: In function 'WebServer::init()::<lambda(AsyncWebServerRequest*)>':
src/interface/webserver.cpp:2485:35: warning: call to 'AsyncWebServerRequest::pathArg' declared with attribute warning: ASYNCWEBSERVER_REGEX not defined
     String id = request->pathArg(0);
                                   ^
========================= [FAILED] Took 38.74 seconds =========================

Environment    Status    Duration
-------------  --------  ------------
esp32s3_n8r2   FAILED    00:00:38.740
==================== 1 failed, 0 succeeded in 00:00:38.740 ====================
